date,price
2000/4/13,21.927799
2000/4/14,23.355
2000/4/17,26.598801
2000/4/18,28.4153
2000/4/19,30.3615
2000/4/20,32.4375
2000/4/21,34.643299
2000/4/24,36.978802
2000/4/25,39.444099
2000/4/26,42.039101
2000/4/27,44.8936
2000/4/28,48.007599
2000/5/1,48.007599
2000/5/2,46.969601
2000/5/3,43.855598
2000/5/4,41.001099
2000/5/5,43.855598
2000/5/8,42.8176
2000/5/9,42.8176
2000/5/10,43.5961
2000/5/11,40.7416
2000/5/12,41.001099
2000/5/15,38.1465
2000/5/16,40.7416
2000/5/17,43.336601
2000/5/18,44.115101
2000/5/19,44.374599
2000/5/22,39.703499
2000/5/23,38.7953
2000/5/24,37.8871
2000/5/25,36.848999
2000/5/26,38.276299
2000/5/29,38.924999
2000/5/30,38.924999
2000/5/31,40.222599
2000/6/1,42.039101
2000/6/2,44.634102
2000/6/5,61.3978
2000/6/6,61.3978
2000/6/7,62.274899
2000/6/8,60.520699
2000/6/9,62.274899
2000/6/12,62.274899
2000/6/13,60.0821
2000/6/14,60.301399
2000/6/15,63.152
2000/6/16,62.274899
2000/6/19,58.3279
2000/6/20,59.6436
2000/6/21,58.766399
2000/6/22,60.0821
2000/6/23,58.108601
2000/6/26,54.8195
2000/6/27,51.091702
2000/6/28,49.7761
2000/6/29,51.749599
2000/6/30,54.380901
2000/7/3,54.380901
2000/7/4,54.380901
2000/7/5,54.380901
2000/7/6,54.380901
2000/7/7,54.380901
2000/7/10,54.380901
2000/7/11,54.380901
2000/7/12,54.380901
2000/7/13,54.380901
2000/7/14,54.380901
2000/7/17,54.380901
2000/7/18,54.380901
2000/7/19,54.380901
2000/7/20,54.380901
2000/7/21,54.380901
2000/7/24,54.380901
2000/7/25,54.380901
2000/7/26,54.380901
2000/7/27,54.380901
2000/7/28,54.380901
2000/7/31,54.380901
2000/8/1,54.380901
2000/8/2,54.380901
2000/8/3,54.380901
2000/8/4,54.380901
2000/8/7,54.380901
2000/8/8,54.380901
2000/8/9,54.380901
2000/8/10,54.380901
2000/8/11,54.380901
2000/8/14,54.380901
2000/8/15,54.380901
2000/8/16,54.380901
2000/8/17,54.380901
2000/8/18,54.380901
2000/8/21,54.380901
2000/8/22,54.380901
2000/8/23,54.380901
2000/8/24,54.380901
2000/8/25,54.380901
2000/8/28,54.380901
2000/8/29,54.380901
2000/8/30,54.380901
2000/8/31,54.380901
2000/9/1,54.380901
2000/9/4,54.380901
2000/9/5,54.380901
2000/9/6,54.380901
2000/9/7,54.380901
2000/9/8,54.380901
2000/9/11,54.380901
2000/9/12,54.380901
2000/9/13,54.380901
2000/9/14,54.380901
2000/9/15,54.380901
2000/9/18,54.380901
2000/9/19,54.380901
2000/9/20,54.380901
2000/9/21,54.380901
2000/9/22,54.380901
2000/9/25,54.380901
2000/9/26,54.380901
2000/9/27,54.380901
2000/9/28,54.380901
2000/9/29,54.380901
2000/10/2,54.380901
2000/10/3,54.380901
2000/10/4,54.380901
2000/10/5,54.380901
2000/10/6,54.380901
2000/10/9,54.380901
2000/10/10,54.380901
2000/10/11,54.380901
2000/10/12,54.380901
2000/10/13,54.380901
2000/10/16,54.380901
2000/10/17,54.380901
2000/10/18,54.380901
2000/10/19,54.380901
2000/10/20,54.380901
2000/10/23,54.380901
2000/10/24,54.380901
2000/10/25,54.380901
2000/10/26,54.380901
2000/10/27,54.380901
2000/10/30,54.380901
2000/10/31,54.380901
2000/11/1,54.380901
2000/11/2,54.380901
2000/11/3,54.380901
2000/11/6,54.380901
2000/11/7,54.380901
2000/11/8,54.380901
2000/11/9,54.380901
2000/11/10,54.380901
2000/11/13,54.380901
2000/11/14,54.380901
2000/11/15,54.380901
2000/11/16,54.380901
2000/11/17,54.380901
2000/11/20,54.380901
2000/11/21,54.380901
2000/11/22,null
2000/11/23,null
2000/11/24,null
2000/11/27,null
2000/11/28,null
2000/11/29,null
2000/11/30,null
2000/12/1,null
2000/12/4,null
2000/12/5,null
2000/12/6,null
2000/12/7,null
2000/12/8,null
2000/12/11,null
2000/12/12,null
2000/12/13,null
2000/12/14,null
2000/12/15,null
2000/12/18,null
2000/12/19,null
2000/12/20,null
2000/12/21,null
2000/12/22,null
2000/12/25,null
2000/12/26,null
2000/12/27,null
2000/12/28,null
2000/12/29,null
2001/1/1,null
2001/1/2,null
2001/1/3,null
2001/1/4,null
2001/1/5,null
2001/1/8,null
2001/1/9,null
2001/1/10,null
2001/1/11,null
2001/1/12,null
2001/1/15,null
2001/1/16,null
2001/1/17,null
2001/1/18,null
2001/1/19,null
2001/1/22,null
2001/1/23,null
2001/1/24,null
2001/1/25,null
2001/1/26,null
2001/1/29,null
2001/1/30,null
2001/1/31,null
2001/2/1,null
2001/2/2,null
2001/2/5,null
2001/2/6,null
2001/2/7,null
2001/2/8,null
2001/2/9,null
2001/2/12,null
2001/2/13,null
2001/2/14,null
2001/2/15,null
2001/2/16,null
2001/2/19,null
2001/2/20,null
2001/2/21,null
2001/2/22,null
2001/2/23,null
2001/2/26,null
2001/2/27,null
2001/2/28,null
2001/3/1,null
2001/3/2,null
2001/3/5,null
2001/3/6,null
2001/3/7,null
2001/3/8,null
2001/3/9,null
2001/3/12,null
2001/3/13,null
2001/3/14,null
2001/3/15,null
2001/3/16,null
2001/3/19,null
2001/3/20,null
2001/3/21,null
2001/3/22,null
2001/3/23,null
2001/3/26,null
2001/3/27,null
2001/3/28,null
2001/3/29,null
2001/3/30,null
2001/4/2,null
2001/4/3,null
2001/4/4,null
2001/4/5,null
2001/4/6,null
2001/4/9,null
2001/4/10,null
2001/4/11,null
2001/4/12,null
2001/4/13,null
2001/4/16,null
2001/4/17,null
2001/4/18,null
2001/4/19,null
2001/4/20,null
2001/4/23,null
2001/4/24,null
2001/4/25,null
2001/4/26,null
2001/4/27,null
2001/4/30,null
2001/5/1,null
2001/5/2,null
2001/5/3,null
2001/5/4,null
2001/5/7,null
2001/5/8,null
2001/5/9,null
2001/5/10,null
2001/5/11,null
2001/5/14,null
2001/5/15,null
2001/5/16,null
2001/5/17,null
2001/5/18,null
2001/5/21,null
2001/5/22,null
2001/5/23,null
2001/5/24,null
2001/5/25,null
2001/5/28,null
2001/5/29,null
2001/5/30,null
2001/5/31,null
2001/6/1,null
2001/6/4,null
2001/6/5,null
2001/6/6,null
2001/6/7,null
2001/6/8,null
2001/6/11,null
2001/6/12,null
2001/6/13,null
2001/6/14,null
2001/6/15,null
2001/6/18,null
2001/6/19,null
2001/6/20,null
2001/6/21,null
2001/6/22,null
2001/6/25,null
2001/6/26,null
2001/6/27,null
2001/6/28,null
2001/6/29,null
2001/7/2,null
2001/7/3,null
2001/7/4,null
2001/7/5,null
2001/7/6,null
2001/7/9,null
2001/7/10,null
2001/7/11,null
2001/7/12,null
2001/7/13,null
2001/7/16,null
2001/7/17,null
2001/7/18,null
2001/7/19,null
2001/7/20,null
2001/7/23,null
2001/7/24,null
2001/7/25,null
2001/7/26,null
2001/7/27,null
2001/7/30,null
2001/7/31,null
2001/8/1,null
2001/8/2,null
2001/8/3,null
2001/8/6,null
2001/8/7,null
2001/8/8,null
2001/8/9,null
2001/8/10,null
2001/8/13,null
2001/8/14,null
2001/8/15,null
2001/8/16,null
2001/8/17,null
2001/8/20,null
2001/8/21,null
2001/8/22,null
2001/8/23,null
2001/8/24,null
2001/8/27,null
2001/8/28,null
2001/8/29,null
2001/8/30,null
2001/8/31,null
2001/9/3,null
2001/9/4,null
2001/9/5,null
2001/9/6,null
2001/9/7,null
2001/9/10,null
2001/9/11,null
2001/9/12,null
2001/9/13,null
2001/9/14,null
2001/9/17,null
2001/9/18,null
2001/9/19,null
2001/9/20,25.517
2001/9/21,24.67
2001/9/24,null
2001/9/25,25.1994
2001/9/26,26.893499
2001/9/27,28.693501
2001/9/28,null
2001/10/1,null
2001/10/2,26.5758
2001/10/3,24.7759
2001/10/4,24.8818
2001/10/5,26.1523
2001/10/8,25.1994
2001/10/9,26.1523
2001/10/10,null
2001/10/11,27.952299
2001/10/12,29.116899
2001/10/15,29.116899
2001/10/16,31.1287
2001/10/17,29.752199
2001/10/18,29.434601
2001/10/19,30.1758
2001/10/22,29.964001
2001/10/23,28.587601
2001/10/24,30.493401
2001/10/25,32.293301
2001/10/26,32.7169
2001/10/29,33.7757
2001/10/30,31.764
2001/10/31,33.0345
2001/11/1,33.8815
2001/11/2,34.834499
2001/11/5,37.269699
2001/11/6,36.105
2001/11/7,37.375599
2001/11/8,35.681499
2001/11/9,null
2001/11/12,36.952099
2001/11/13,37.269699
2001/11/14,37.269699
2001/11/15,39.281399
2001/11/16,38.116699
2001/11/19,38.328499
2001/11/20,39.175499
2001/11/21,41.822498
2001/11/22,40.446098
2001/11/23,41.928398
2001/11/26,44.787201
2001/11/27,44.469501
2001/11/28,42.987202
2001/11/29,42.881302
2001/11/30,44.363701
2001/12/3,46.9048
2001/12/4,48.8106
2001/12/5,47.222401
2001/12/6,47.9636
2001/12/7,48.069401
2001/12/10,45.740101
2001/12/11,45.210701
2001/12/12,48.2812
2001/12/13,47.3283
2001/12/14,50.2929
2001/12/17,46.798901
2001/12/18,43.728401
2001/12/19,43.834202
2001/12/20,44.787201
2001/12/21,41.822498
2001/12/24,42.457802
2001/12/25,45.422501
2001/12/26,45.422501
2001/12/27,45.210701
2001/12/28,44.787201
2001/12/31,45.740101
2002/1/1,null
2002/1/2,47.645901
2002/1/3,null
2002/1/4,49.8694
2002/1/7,52.939899
2002/1/8,51.3517
2002/1/9,50.2929
2002/1/10,49.2341
2002/1/11,46.798901
2002/1/14,46.798901
2002/1/15,47.116501
2002/1/16,44.575401
2002/1/17,43.622501
2002/1/18,42.775501
2002/1/21,45.740101
2002/1/22,46.693001
2002/1/23,46.375401
2002/1/24,45.316601
2002/1/25,47.0107
2002/1/28,50.2929
2002/1/29,46.798901
2002/1/30,45.846001
2002/1/31,null
2002/2/1,45.104801
2002/2/4,43.940102
2002/2/5,43.728401
2002/2/6,44.787201
2002/2/7,null
2002/2/8,null
2002/2/11,null
2002/2/12,null
2002/2/13,null
2002/2/14,null
2002/2/15,null
2002/2/18,44.575401
2002/2/19,43.516602
2002/2/20,42.034302
2002/2/21,41.187302
2002/2/22,40.340199
2002/2/25,38.646099
2002/2/26,38.751999
2002/2/27,40.657799
2002/2/28,null
2002/3/1,39.493198
2002/3/4,41.293098
2002/3/5,42.987202
2002/3/6,45.528301
2002/3/7,45.528301
2002/3/8,43.410702
2002/3/11,44.998901
2002/3/12,43.093102
2002/3/13,43.199001
2002/3/14,43.410702
2002/3/15,42.987202
2002/3/18,43.410702
2002/3/19,44.363701
2002/3/20,47.4342
2002/3/21,47.751801
2002/3/22,49.8694
2002/3/25,49.34
2002/3/26,51.2458
2002/3/27,47.8577
2002/3/28,50.8223
2002/3/29,52.939899
2002/4/1,54.528099
2002/4/2,54.528099
2002/4/3,57.175098
2002/4/4,55.057499
2002/4/5,null
2002/4/8,52.939899
2002/4/9,51.3517
2002/4/10,52.834
2002/4/11,53.998699
2002/4/12,53.469299
2002/4/15,53.998699
2002/4/16,52.834
2002/4/17,54.528099
2002/4/18,54.528099
2002/4/19,53.469299
2002/4/22,51.3517
2002/4/23,51.8811
2002/4/24,51.563499
2002/4/25,51.987
2002/4/26,51.3517
2002/4/29,48.9165
2002/4/30,46.375401
2002/5/1,null
2002/5/2,43.940102
2002/5/3,47.0107
2002/5/6,43.728401
2002/5/7,45.422501
2002/5/8,45.104801
2002/5/9,45.104801
2002/5/10,46.693001
2002/5/13,45.422501
2002/5/14,45.422501
2002/5/15,47.5401
2002/5/16,45.740101
2002/5/17,46.057701
2002/5/20,42.987202
2002/5/21,43.728401
2002/5/22,45.316601
2002/5/23,44.151901
2002/5/24,45.528301
2002/5/27,45.104801
2002/5/28,47.222401
2002/5/29,46.057701
2002/5/30,46.057701
2002/5/31,45.528301
2002/6/3,43.728401
2002/6/4,44.681301
2002/6/5,44.787201
2002/6/6,44.469501
2002/6/7,42.987202
2002/6/10,43.940102
2002/6/11,42.669601
2002/6/12,43.516602
2002/6/13,44.787201
2002/6/14,44.257801
2002/6/17,43.940102
2002/6/18,43.304901
2002/6/19,41.293098
2002/6/20,41.081402
2002/6/21,41.081402
2002/6/24,39.175499
2002/6/25,39.387299
2002/6/26,36.740299
2002/6/27,36.105
2002/6/28,37.375599
2002/7/1,35.0462
2002/7/2,35.4697
2002/7/3,37.057899
2002/7/4,37.163799
2002/7/5,38.116699
2002/7/8,39.175499
2002/7/9,39.175499
2002/7/10,37.799099
2002/7/11,38.328499
2002/7/12,40.446098
2002/7/15,41.081402
2002/7/16,40.128502
2002/7/17,38.857899
2002/7/18,38.751999
2002/7/19,37.587299
2002/7/22,36.740299
2002/7/23,38.116699
2002/7/24,36.634399
2002/7/25,36.740299
2002/7/26,34.1992
2002/7/29,34.940399
2002/7/30,36.316799
2002/7/31,35.5756
2002/8/1,35.5756
2002/8/2,35.4697
2002/8/5,33.0345
2002/8/6,30.811001
2002/8/7,32.3992
2002/8/8,35.404701
2002/8/9,37.5933
2002/8/12,37.8508
2002/8/13,37.3358
2002/8/14,38.494499
2002/8/15,38.623299
2002/8/16,39.653301
2002/8/19,39.653301
2002/8/20,39.009499
2002/8/21,39.524502
2002/8/22,40.940701
2002/8/23,40.940701
2002/8/26,39.910702
2002/8/27,39.266998
2002/8/28,37.3358
2002/8/29,37.722099
2002/8/30,37.3358
2002/9/2,36.692101
2002/9/3,36.692101
2002/9/4,36.048401
2002/9/5,35.404701
2002/9/6,35.404701
2002/9/9,36.8209
2002/9/10,38.237099
2002/9/11,38.623299
2002/9/12,38.623299
2002/9/13,38.108299
2002/9/16,36.692101
2002/9/17,39.138302
2002/9/18,39.138302
2002/9/19,38.108299
2002/9/20,37.0784
2002/9/23,36.8209
2002/9/24,36.305901
2002/9/25,34.117199
2002/9/26,34.374699
2002/9/27,32.701
2002/9/30,32.701
2002/10/1,32.3148
2002/10/2,32.4436
2002/10/3,30.8986
2002/10/4,29.8687
2002/10/7,27.8088
2002/10/8,28.066299
2002/10/9,27.8088
2002/10/10,27.8088
2002/10/11,27.5513
2002/10/14,27.5513
2002/10/15,29.353701
2002/10/16,31.284901
2002/10/17,31.156099
2002/10/18,32.5723
2002/10/21,32.4436
2002/10/22,31.413601
2002/10/23,33.602299
2002/10/24,33.344799
2002/10/25,32.701
2002/10/28,32.701
2002/10/29,32.4436
2002/10/30,31.799801
2002/10/31,32.3148
2002/11/1,31.284901
2002/11/4,31.5424
2002/11/5,31.5424
2002/11/6,33.087299
2002/11/7,33.216
2002/11/8,35.018501
2002/11/11,33.730999
2002/11/12,33.602299
2002/11/13,33.216
2002/11/14,32.9585
2002/11/15,33.473499
2002/11/18,32.8298
2002/11/19,32.3148
2002/11/20,31.027399
2002/11/21,29.739901
2002/11/22,31.799801
2002/11/25,32.3148
2002/11/26,31.799801
2002/11/27,32.3148
2002/11/28,32.701
2002/11/29,33.216
2002/12/2,33.216
2002/12/3,34.503502
2002/12/4,33.473499
2002/12/5,33.602299
2002/12/6,33.087299
2002/12/9,32.4436
2002/12/10,31.284901
2002/12/11,31.284901
2002/12/12,30.769899
2002/12/13,30.1262
2002/12/16,30.3836
2002/12/17,29.9974
2002/12/18,29.8687
2002/12/19,29.8687
2002/12/20,29.9974
2002/12/23,29.4825
2002/12/24,29.739901
2002/12/25,29.6112
2002/12/26,30.5124
2002/12/27,29.8687
2002/12/30,29.096201
2002/12/31,29.096201
2003/1/1,29.096201
2003/1/2,29.6112
2003/1/3,30.2549
2003/1/6,30.5124
2003/1/7,30.5124
2003/1/8,30.769899
2003/1/9,30.3836
2003/1/10,30.3836
2003/1/13,32.3148
2003/1/14,31.5424
2003/1/15,31.284901
2003/1/16,30.5124
2003/1/17,30.1262
2003/1/20,29.6112
2003/1/21,29.739901
2003/1/22,29.4825
2003/1/23,29.9974
2003/1/24,29.4825
2003/1/27,29.739901
2003/1/28,29.9974
2003/1/29,29.9974
2003/1/30,29.9974
2003/1/31,29.9974
2003/2/3,29.9974
2003/2/4,29.9974
2003/2/5,29.9974
2003/2/6,28.452499
2003/2/7,28.195
2003/2/10,28.3237
2003/2/11,28.3237
2003/2/12,28.452499
2003/2/13,28.066299
2003/2/14,28.3237
2003/2/17,29.4825
2003/2/18,28.838699
2003/2/19,28.5812
2003/2/20,29.739901
2003/2/21,30.1262
2003/2/24,29.353701
2003/2/25,28.3237
2003/2/26,28.452499
2003/2/27,28.452499
2003/2/28,28.452499
2003/3/3,29.224899
2003/3/4,29.224899
2003/3/5,29.096201
2003/3/6,29.096201
2003/3/7,29.224899
2003/3/10,29.224899
2003/3/11,29.224899
2003/3/12,29.353701
2003/3/13,30.5124
2003/3/14,30.6411
2003/3/17,29.739901
2003/3/18,30.5124
2003/3/19,30.2549
2003/3/20,31.027399
2003/3/21,31.156099
2003/3/24,31.284901
2003/3/25,30.6411
2003/3/26,31.156099
2003/3/27,30.8986
2003/3/28,30.5124
2003/3/31,29.6112
2003/4/1,29.8687
2003/4/2,29.9974
2003/4/3,30.5124
2003/4/4,31.027399
2003/4/7,31.284901
2003/4/8,31.284901
2003/4/9,30.769899
2003/4/10,30.5124
2003/4/11,30.1262
2003/4/14,29.739901
2003/4/15,29.9974
2003/4/16,30.769899
2003/4/17,30.6411
2003/4/18,31.671101
2003/4/21,33.473499
2003/4/22,31.5424
2003/4/23,31.671101
2003/4/24,30.1262
2003/4/25,28.838699
2003/4/28,27.422501
2003/4/29,28.5812
2003/4/30,28.5812
2003/5/1,28.5812
2003/5/2,29.224899
2003/5/5,29.739901
2003/5/6,29.6112
2003/5/7,29.8687
2003/5/8,28.967501
2003/5/9,29.6112
2003/5/12,29.353701
2003/5/13,29.739901
2003/5/14,30.1262
2003/5/15,30.3836
2003/5/16,29.6112
2003/5/19,29.224899
2003/5/20,29.6112
2003/5/21,29.6112
2003/5/22,30.1262
2003/5/23,30.5124
2003/5/26,31.413601
2003/5/27,31.156099
2003/5/28,30.5124
2003/5/29,30.5124
2003/5/30,31.413601
2003/6/2,32.9585
2003/6/3,33.730999
2003/6/4,null
2003/6/5,34.632198
2003/6/6,35.275902
2003/6/9,35.147202
2003/6/10,36.692101
2003/6/11,36.5634
2003/6/12,36.5634
2003/6/13,35.790901
2003/6/16,36.048401
2003/6/17,35.275902
2003/6/18,36.8209
2003/6/19,37.5933
2003/6/20,35.790901
2003/6/23,35.533401
2003/6/24,35.919701
2003/6/25,36.8209
2003/6/26,36.305901
2003/6/27,37.3358
2003/6/30,37.5933
2003/7/1,38.237099
2003/7/2,37.0784
2003/7/3,36.1772
2003/7/4,36.8209
2003/7/7,37.0784
2003/7/8,37.0784
2003/7/9,37.5933
2003/7/10,37.5933
2003/7/11,36.1772
2003/7/14,36.305901
2003/7/15,36.305901
2003/7/16,35.790901
2003/7/17,34.761002
2003/7/18,35.662201
2003/7/21,35.533401
2003/7/22,36.048401
2003/7/23,36.434601
2003/7/24,37.3358
2003/7/25,38.751999
2003/7/28,39.009499
2003/7/29,40.039501
2003/7/30,39.653301
2003/7/31,39.653301
2003/8/1,39.910702
2003/8/4,39.524502
2003/8/5,38.623299
2003/8/6,37.979599
2003/8/7,37.722099
2003/8/8,37.5933
2003/8/11,37.3358
2003/8/12,37.979599
2003/8/13,38.880798
2003/8/14,39.138302
2003/8/15,39.266998
2003/8/18,38.880798
2003/8/19,38.237099
2003/8/20,37.979599
2003/8/21,38.751999
2003/8/22,38.623299
2003/8/25,39.009499
2003/8/26,38.494499
2003/8/27,38.751999
2003/8/28,38.365799
2003/8/29,40.297001
2003/9/1,39.266998
2003/9/2,39.138302
2003/9/3,38.623299
2003/9/4,38.108299
2003/9/5,37.8508
2003/9/8,37.979599
2003/9/9,37.722099
2003/9/10,37.3358
2003/9/11,37.3358
2003/9/12,38.237099
2003/9/15,38.880798
2003/9/16,39.009499
2003/9/17,39.782001
2003/9/18,39.266998
2003/9/19,41.8419
2003/9/22,41.069401
2003/9/23,41.4557
2003/9/24,39.653301
2003/9/25,40.168201
2003/9/26,39.524502
2003/9/29,39.653301
2003/9/30,39.653301
2003/10/1,39.009499
2003/10/2,41.069401
2003/10/3,40.039501
2003/10/6,39.653301
2003/10/7,39.524502
2003/10/8,39.653301
2003/10/9,40.554501
2003/10/10,40.554501
2003/10/13,40.039501
2003/10/14,39.910702
2003/10/15,41.069401
2003/10/16,41.069401
2003/10/17,40.554501
2003/10/20,40.812
2003/10/21,40.554501
2003/10/22,40.425701
2003/10/23,39.395802
2003/10/24,39.138302
2003/10/27,38.623299
2003/10/28,39.266998
2003/10/29,39.910702
2003/10/30,39.653301
2003/10/31,39.653301
2003/11/3,39.653301
2003/11/4,39.653301
2003/11/5,39.653301
2003/11/6,39.782001
2003/11/7,39.910702
2003/11/10,39.910702
2003/11/11,39.653301
2003/11/12,40.168201
2003/11/13,41.069401
2003/11/14,40.940701
2003/11/17,40.297001
2003/11/18,39.653301
2003/11/19,39.910702
2003/11/20,39.782001
2003/11/21,39.910702
2003/11/24,39.910702
2003/11/25,39.653301
2003/11/26,39.653301
2003/11/27,39.524502
2003/11/28,39.524502
2003/12/1,39.653301
2003/12/2,39.653301
2003/12/3,39.782001
2003/12/4,39.653301
2003/12/5,39.524502
2003/12/8,39.395802
2003/12/9,39.395802
2003/12/10,39.266998
2003/12/11,39.266998
2003/12/12,39.266998
2003/12/15,39.266998
2003/12/16,39.138302
2003/12/17,39.266998
2003/12/18,39.266998
2003/12/19,39.266998
2003/12/22,39.266998
2003/12/23,39.266998
2003/12/24,39.266998
2003/12/25,39.138302
2003/12/26,38.880798
2003/12/29,38.880798
2003/12/30,39.138302
2003/12/31,39.266998
2004/1/1,39.266998
2004/1/2,39.653301
2004/1/5,39.009499
2004/1/6,37.979599
2004/1/7,37.3358
2004/1/8,37.8508
2004/1/9,38.108299
2004/1/12,37.722099
2004/1/13,37.722099
2004/1/14,37.979599
2004/1/15,37.979599
2004/1/16,37.5933
2004/1/19,37.5933
2004/1/20,37.5933
2004/1/21,37.5933
2004/1/22,37.5933
2004/1/23,37.5933
2004/1/26,37.5933
2004/1/27,37.722099
2004/1/28,37.979599
2004/1/29,39.266998
2004/1/30,39.395802
2004/2/2,39.266998
2004/2/3,38.880798
2004/2/4,39.266998
2004/2/5,39.009499
2004/2/6,39.138302
2004/2/9,39.138302
2004/2/10,39.395802
2004/2/11,39.910702
2004/2/12,39.782001
2004/2/13,40.940701
2004/2/16,40.940701
2004/2/17,40.683201
2004/2/18,41.069401
2004/2/19,40.812
2004/2/20,40.039501
2004/2/23,40.039501
2004/2/24,39.910702
2004/2/25,39.910702
2004/2/26,40.168201
2004/2/27,40.297001
2004/3/1,39.910702
2004/3/2,40.168201
2004/3/3,39.910702
2004/3/4,40.554501
2004/3/5,39.910702
2004/3/8,40.812
2004/3/9,41.3269
2004/3/10,40.554501
2004/3/11,40.940701
2004/3/12,40.297001
2004/3/15,39.266998
2004/3/16,39.266998
2004/3/17,39.266998
2004/3/18,39.524502
2004/3/19,39.524502
2004/3/22,36.8209
2004/3/23,37.979599
2004/3/24,38.365799
2004/3/25,37.5933
2004/3/26,37.3358
2004/3/29,39.395802
2004/3/30,38.880798
2004/3/31,39.009499
2004/4/1,41.1982
2004/4/2,40.940701
2004/4/5,43.773102
2004/4/6,42.614399
2004/4/7,43.129299
2004/4/8,42.4856
2004/4/9,42.614399
2004/4/12,45.5755
2004/4/13,46.4767
2004/4/14,46.991699
2004/4/15,45.189301
2004/4/16,45.833
2004/4/19,44.416801
2004/4/20,44.674301
2004/4/21,45.189301
2004/4/22,45.189301
2004/4/23,44.545502
2004/4/26,42.4856
2004/4/27,43.901798
2004/4/28,42.743099
2004/4/29,42.2281
2004/4/30,39.395802
2004/5/3,37.979599
2004/5/4,39.266998
2004/5/5,36.5634
2004/5/6,37.5933
2004/5/7,37.979599
2004/5/10,35.533401
2004/5/11,35.147202
2004/5/12,35.018501
2004/5/13,32.5723
2004/5/14,31.799801
2004/5/17,29.6112
2004/5/18,30.8986
2004/5/19,32.701
2004/5/20,31.413601
2004/5/21,32.9585
2004/5/24,33.730999
2004/5/25,33.730999
2004/5/26,33.602299
2004/5/27,33.730999
2004/5/28,34.245998
2004/5/31,34.245998
2004/6/1,33.859699
2004/6/2,33.087299
2004/6/3,31.027399
2004/6/4,31.9286
2004/6/7,33.087299
2004/6/8,33.473499
2004/6/9,32.5723
2004/6/10,32.1861
2004/6/11,31.413601
2004/6/14,31.413601
2004/6/15,31.671101
2004/6/16,30.8986
2004/6/17,30.769899
2004/6/18,30.6411
2004/6/21,30.2549
2004/6/22,30.2549
2004/6/23,30.8986
2004/6/24,31.5424
2004/6/25,31.5424
2004/6/28,31.413601
2004/6/29,32.4436
2004/6/30,32.1861
2004/7/1,32.1861
2004/7/2,32.4436
2004/7/5,31.799801
2004/7/6,32.1861
2004/7/7,32.3148
2004/7/8,31.799801
2004/7/9,32.1861
2004/7/12,31.413601
2004/7/13,30.6411
2004/7/14,30.5124
2004/7/15,31.156099
2004/7/16,30.3836
2004/7/19,28.709999
2004/7/20,27.9375
2004/7/21,28.452499
2004/7/22,28.5812
2004/7/23,29.096201
2004/7/26,29.224899
2004/7/27,29.6112
2004/7/28,29.096201
2004/7/29,28.709999
2004/7/30,28.967501
2004/8/2,28.195
2004/8/3,28.452499
2004/8/4,28.452499
2004/8/5,30.1262
2004/8/6,29.6112
2004/8/9,29.9974
2004/8/10,30.2549
2004/8/11,29.739901
2004/8/12,29.8687
2004/8/13,30.2549
2004/8/16,29.9974
2004/8/17,29.6112
2004/8/18,29.6112
2004/8/19,30.6411
2004/8/20,31.027399
2004/8/23,31.156099
2004/8/24,31.156099
2004/8/25,31.156099
2004/8/26,32.701
2004/8/27,32.3148
2004/8/30,31.799801
2004/8/31,31.027399
2004/9/1,32.057301
2004/9/2,31.093201
2004/9/3,30.030199
2004/9/6,30.827499
2004/9/7,31.890499
2004/9/8,31.624701
2004/9/9,31.226101
2004/9/10,32.554901
2004/9/13,33.617901
2004/9/14,32.687698
2004/9/15,32.687698
2004/9/16,33.219299
2004/9/17,32.422001
2004/9/20,31.358999
2004/9/21,31.358999
2004/9/22,31.624701
2004/9/23,32.0233
2004/9/24,32.0233
2004/9/27,31.624701
2004/9/28,31.624701
2004/9/29,31.624701
2004/9/30,31.624701
2004/10/1,31.358999
2004/10/4,32.289101
2004/10/5,32.0233
2004/10/6,32.820599
2004/10/7,32.820599
2004/10/8,31.890499
2004/10/11,31.624701
2004/10/12,31.093201
2004/10/13,30.296
2004/10/14,30.561701
2004/10/15,29.498699
2004/10/18,28.435699
2004/10/19,29.232901
2004/10/20,28.435699
2004/10/21,28.435699
2004/10/22,28.435699
2004/10/25,28.435699
2004/10/26,27.9042
2004/10/27,27.3727
2004/10/28,27.505501
2004/10/29,27.239799
2004/11/1,25.5124
2004/11/2,25.246599
2004/11/3,25.910999
2004/11/4,25.778099
2004/11/5,25.778099
2004/11/8,25.778099
2004/11/9,25.910999
2004/11/10,26.1768
2004/11/11,25.6453
2004/11/12,25.778099
2004/11/15,24.848
2004/11/16,24.3165
2004/11/17,25.246599
2004/11/18,25.1138
2004/11/19,26.8412
2004/11/22,26.1768
2004/11/23,25.778099
2004/11/24,25.910999
2004/11/25,26.0439
2004/11/26,24.3165
2004/11/29,23.2535
2004/11/30,23.3864
2004/12/1,23.3864
2004/12/2,23.3864
2004/12/3,23.1206
2004/12/6,23.1206
2004/12/7,22.0576
2004/12/8,22.1905
2004/12/9,22.854799
2004/12/10,23.519199
2004/12/13,23.519199
2004/12/14,24.715099
2004/12/15,25.1138
2004/12/16,25.1138
2004/12/17,24.715099
2004/12/20,24.582199
2004/12/21,23.9179
2004/12/22,23.1206
2004/12/23,23.2535
2004/12/24,23.1206
2004/12/27,23.3864
2004/12/28,23.6521
2004/12/29,23.785
2004/12/30,23.519199
2004/12/31,23.785
2005/1/3,23.785
2005/1/4,23.2535
2005/1/5,23.1206
2005/1/6,22.9877
2005/1/7,22.5891
2005/1/10,21.9247
2005/1/11,22.1905
2005/1/12,22.323299
2005/1/13,22.4562
2005/1/14,22.722
2005/1/17,22.854799
2005/1/18,22.5891
2005/1/19,22.4562
2005/1/20,22.4562
2005/1/21,22.323299
2005/1/24,21.9247
2005/1/25,22.1905
2005/1/26,21.9247
2005/1/27,22.4562
2005/1/28,23.2535
2005/1/31,23.6521
2005/2/1,22.854799
2005/2/2,22.722
2005/2/3,23.1206
2005/2/4,23.1206
2005/2/7,23.1206
2005/2/8,23.1206
2005/2/9,23.1206
2005/2/10,23.1206
2005/2/11,23.1206
2005/2/14,23.2535
2005/2/15,23.519199
2005/2/16,24.715099
2005/2/17,24.4494
2005/2/18,25.379499
2005/2/21,24.9809
2005/2/22,24.183599
2005/2/23,24.183599
2005/2/24,24.183599
2005/2/25,25.778099
2005/2/28,25.778099
2005/3/1,25.0473
2005/3/2,24.5158
2005/3/3,24.7815
2005/3/4,24.715099
2005/3/7,24.3165
2005/3/8,24.3165
2005/3/9,25.379499
2005/3/10,24.9809
2005/3/11,24.9809
2005/3/14,24.715099
2005/3/15,23.6521
2005/3/16,23.519199
2005/3/17,23.2535
2005/3/18,23.054199
2005/3/21,23.1206
2005/3/22,23.319901
2005/3/23,22.9877
2005/3/24,23.1206
2005/3/25,23.2535
2005/3/28,23.319901
2005/3/29,22.6555
2005/3/30,23.1206
2005/3/31,23.187
2005/4/1,23.2535
2005/4/4,22.9877
2005/4/5,22.9877
2005/4/6,23.054199
2005/4/7,22.722
2005/4/8,22.6555
2005/4/11,22.389799
2005/4/12,22.722
2005/4/13,23.519199
2005/4/14,23.519199
2005/4/15,23.2535
2005/4/18,22.389799
2005/4/19,22.6555
2005/4/20,21.5261
2005/4/21,21.127399
2005/4/22,21.061001
2005/4/25,20.0644
2005/4/26,19.931499
2005/4/27,19.732201
2005/4/28,19.732201
2005/4/29,19.5994
2005/5/2,19.5994
2005/5/3,20.2637
2005/5/4,19.7987
2005/5/5,20.2637
2005/5/6,20.130899
2005/5/9,20.1973
2005/5/10,19.7987
2005/5/11,20.1973
2005/5/12,20.130899
2005/5/13,20.928101
2005/5/16,20.1973
2005/5/17,20.130899
2005/5/18,20.0644
2005/5/19,20.130899
2005/5/20,20.130899
2005/5/23,19.931499
2005/5/24,20.0644
2005/5/25,19.5994
2005/5/26,19.732201
2005/5/27,20.1973
2005/5/30,20.5959
2005/5/31,20.3302
2005/6/1,20.8617
2005/6/2,20.928101
2005/6/3,21.326799
2005/6/6,20.928101
2005/6/7,20.5959
2005/6/8,20.8617
2005/6/9,21.5261
2005/6/10,22.124001
2005/6/13,22.722
2005/6/14,21.659
2005/6/15,21.7918
2005/6/16,21.858299
2005/6/17,21.659
2005/6/20,21.5261
2005/6/21,21.3932
2005/6/22,21.5261
2005/6/23,21.659
2005/6/24,21.5261
2005/6/27,21.592501
2005/6/28,21.4596
2005/6/29,21.326799
2005/6/30,21.4596
2005/7/1,21.725401
2005/7/4,21.725401
2005/7/5,21.4596
2005/7/6,22.1905
2005/7/7,21.858299
2005/7/8,21.2603
2005/7/11,21.326799
2005/7/12,21.5261
2005/7/13,21.592501
2005/7/14,21.5261
2005/7/15,21.9247
2005/7/18,21.9247
2005/7/19,21.5261
2005/7/20,21.326799
2005/7/21,21.127399
2005/7/22,20.1973
2005/7/25,20.3302
2005/7/26,19.931499
2005/7/27,19.732201
2005/7/28,19.865101
2005/7/29,20.1973
2005/8/1,19.865101
2005/8/2,19.333599
2005/8/3,19.6658
2005/8/4,20.9946
2005/8/5,20.9946
2005/8/8,20.662399
2005/8/9,21.326799
2005/8/10,20.3302
2005/8/11,20.1973
2005/8/12,19.997999
2005/8/15,19.931499
2005/8/16,19.200701
2005/8/17,18.934999
2005/8/18,19.0679
2005/8/19,19.1343
2005/8/22,19.0014
2005/8/23,19.4
2005/8/24,19.333599
2005/8/25,19.466499
2005/8/26,19.6658
2005/8/29,19.466499
2005/8/30,19.1343
2005/8/31,19.2672
2005/9/1,19.2672
2005/9/2,19.4
2005/9/5,19.333599
2005/9/6,18.669201
2005/9/7,18.4035
2005/9/8,18.337
2005/9/9,18.4699
2005/9/12,18.337
2005/9/13,18.6028
2005/9/14,17.5021
2005/9/15,18.0555
2005/9/16,17.6404
2005/9/19,17.571301
2005/9/20,17.848
2005/9/21,17.848
2005/9/22,18.124701
2005/9/23,17.848
2005/9/26,17.7096
2005/9/27,17.778799
2005/9/28,17.778799
2005/9/29,18.675501
2005/9/30,18.675501
2005/10/3,18.6056
2005/10/4,18.675501
2005/10/5,18.2558
2005/10/6,17.766199
2005/10/7,17.486401
2005/10/10,17.2945
2005/10/11,16.6471
2005/10/12,17.3465
2005/10/13,18.1159
2005/10/14,17.766199
2005/10/17,17.5564
2005/10/18,17.766199
2005/10/19,16.6471
2005/10/20,16.996799
2005/10/21,17.696301
2005/10/24,17.3465
2005/10/25,17.3465
2005/10/26,16.856899
2005/10/27,16.9268
2005/10/28,16.996799
2005/10/31,17.4165
2005/11/1,17.2766
2005/11/2,17.3465
2005/11/3,17.766199
2005/11/4,18.955299
2005/11/7,20.2143
2005/11/8,19.1651
2005/11/9,19.514799
2005/11/10,18.8853
2005/11/11,18.815399
2005/11/14,19.305
2005/11/15,18.535601
2005/11/16,18.3258
2005/11/17,18.3957
2005/11/18,18.8853
2005/11/21,18.535601
2005/11/22,18.4657
2005/11/23,18.046
2005/11/24,18.745399
2005/11/25,18.3957
2005/11/28,18.675501
2005/11/29,18.815399
2005/11/30,18.3957
2005/12/1,18.3957
2005/12/2,18.745399
2005/12/5,19.7946
2005/12/6,19.2351
2005/12/7,19.0252
2005/12/8,18.955299
2005/12/9,19.0952
2005/12/12,19.444901
2005/12/13,19.0952
2005/12/14,19.584801
2005/12/15,19.444901
2005/12/16,19.375
2005/12/19,19.514799
2005/12/20,19.724701
2005/12/21,20.0744
2005/12/22,20.4767
2005/12/23,20.494101
2005/12/26,20.4076
2005/12/27,20.494101
2005/12/28,20.0744
2005/12/29,20.284201
2005/12/30,20.0744
2006/1/2,19.444901
2006/1/3,20.004499
2006/1/4,20.1444
2006/1/5,21.543301
2006/1/6,23.0121
2006/1/9,24.620899
2006/1/10,24.0613
2006/1/11,23.9214
2006/1/12,23.501699
2006/1/13,25.0406
2006/1/16,24.620899
2006/1/17,26.299601
2006/1/18,26.089701
2006/1/19,24.341101
2006/1/20,22.802299
2006/1/23,21.2635
2006/1/24,22.382601
2006/1/25,21.893
2006/2/3,22.7323
2006/2/6,22.802299
2006/2/7,23.222
2006/2/8,22.8722
2006/2/9,22.8722
2006/2/10,22.802299
2006/2/13,23.152
2006/2/14,23.222
2006/2/15,23.222
2006/2/16,23.291901
2006/2/17,23.152
2006/2/20,22.242701
2006/2/21,21.9629
2006/2/22,21.333401
2006/2/23,20.703899
2006/2/24,21.193501
2006/2/27,21.193501
2006/3/1,21.893
2006/3/2,22.242701
2006/3/3,21.473301
2006/3/6,21.6831
2006/3/7,21.823
2006/3/8,21.6831
2006/3/9,23.152
2006/3/10,23.222
2006/3/13,24.2012
2006/3/14,24.5509
2006/3/15,25.180401
2006/3/16,23.431801
2006/3/17,23.501699
2006/3/20,22.802299
2006/3/21,22.1728
2006/3/22,22.242701
2006/3/23,21.823
2006/3/24,21.613199
2006/3/27,21.823
2006/3/28,23.291901
2006/3/29,23.291901
2006/3/30,23.291901
2006/3/31,23.291901
2006/4/3,23.431801
2006/4/4,23.571699
2006/4/6,24.2012
2006/4/7,23.8515
2006/4/10,23.9914
2006/4/11,24.2012
2006/4/12,25.460199
2006/4/13,24.620899
2006/4/14,25.74
2006/4/17,26.299601
2006/4/18,26.089701
2006/4/19,27.9083
2006/4/20,28.6078
2006/4/21,27.418699
2006/4/24,27.6985
2006/4/25,27.278799
2006/4/26,28.048201
2006/4/27,26.9291
2006/4/28,27.558599
2006/5/2,26.999001
2006/5/3,25.1105
2006/5/4,25.530199
2006/5/5,25.530199
2006/5/8,26.1597
2006/5/9,25.530199
2006/5/10,24.6908
2006/5/11,25.6001
2006/5/12,25.320299
2006/5/15,24.760799
2006/5/16,24.760799
2006/5/17,24.9706
2006/5/18,24.973301
2006/5/19,26.702801
2006/5/22,27.3487
2006/5/23,26.7892
2006/5/24,26.229601
2006/5/25,26.229601
2006/5/26,25.74
2006/5/29,25.5959
2006/5/30,25.8799
2006/6/1,27.138901
2006/6/2,26.299601
2006/6/5,24.481001
2006/6/6,24.760799
2006/6/7,24.2012
2006/6/8,22.522499
2006/6/9,22.5924
2006/6/12,22.242701
2006/6/13,21.823
2006/6/14,22.382601
2006/6/15,21.823
2006/6/16,22.3127
2006/6/19,22.3127
2006/6/20,21.2635
2006/6/21,20.9837
2006/6/22,22.3127
2006/6/23,21.893
2006/6/26,22.3127
2006/6/27,21.9629
2006/6/28,21.543301
2006/6/29,22.3127
2006/6/30,22.3127
2006/7/3,21.893
2006/7/4,22.1728
2006/7/5,22.382601
2006/7/6,23.3619
2006/7/7,22.7323
2006/7/10,22.5924
2006/7/11,22.5924
2006/7/12,22.4526
2006/7/13,22.1728
2006/7/14,21.473301
2006/7/17,20.424101
2006/7/18,20.773899
2006/7/19,20.494101
2006/7/20,21.193501
2006/7/21,20.9837
2006/7/24,20.563999
2006/7/25,20.703899
2006/7/26,20.7535
2006/7/27,21.4452
2006/7/28,21.333401
2006/7/31,20.9837
2006/8/1,21.0536
2006/8/2,22.242701
2006/8/3,22.242701
2006/8/4,21.543301
2006/8/7,21.193501
2006/8/8,21.473301
2006/8/9,21.473301
2006/8/10,21.6831
2006/8/11,21.893
2006/8/14,22.382601
2006/8/15,22.3127
2006/8/16,22.4526
2006/8/17,22.242701
2006/8/18,21.6831
2006/8/21,20.3542
2006/8/22,20.9137
2006/8/23,20.563999
2006/8/24,20.703899
2006/8/25,20.424101
2006/8/28,19.724701
2006/8/29,19.724701
2006/8/30,20.3542
2006/8/31,20.3542
2006/9/1,19.9345
2006/9/4,20.061701
2006/9/5,20.2143
2006/9/6,19.584801
2006/9/7,19.375
2006/9/8,19.514799
2006/9/11,19.2351
2006/9/12,18.8853
2006/9/13,18.535601
2006/9/14,17.0438
2006/9/15,17.5389
2006/9/18,18.1754
2006/9/19,18.316799
2006/9/20,18.670401
2006/9/21,18.3876
2006/9/22,18.3876
2006/9/25,18.9533
2006/9/26,18.811899
2006/9/27,18.528999
2006/9/28,18.316799
2006/9/29,18.599701
2006/10/2,18.528999
2006/10/3,18.528999
2006/10/4,18.3876
2006/10/5,18.246099
2006/10/9,18.246099
2006/10/11,18.316799
2006/10/12,18.316799
2006/10/13,18.811899
2006/10/16,18.811899
2006/10/17,18.670401
2006/10/18,18.670401
2006/10/19,18.670401
2006/10/20,19.3776
2006/10/23,19.2362
2006/10/24,19.2362
2006/10/25,19.024
2006/10/26,18.882601
2006/10/27,19.024
2006/10/30,18.811899
2006/10/31,18.882601
2006/11/1,19.024
2006/11/2,18.9533
2006/11/3,19.094801
2006/11/6,18.3876
2006/11/7,18.599701
2006/11/8,18.599701
2006/11/9,18.811899
2006/11/10,18.670401
2006/11/13,18.599701
2006/11/14,19.024
2006/11/15,19.4484
2006/11/16,20.014099
2006/11/17,19.5898
2006/11/20,19.8727
2006/11/21,20.0849
2006/11/22,20.3678
2006/11/23,19.943399
2006/11/24,20.509199
2006/11/27,20.509199
2006/11/28,20.3678
2006/11/29,21.7822
2006/11/30,23.2673
2006/12/1,24.8939
2006/12/4,24.6817
2006/12/5,24.8939
2006/12/6,26.166901
2006/12/7,25.1061
2006/12/8,24.0453
2006/12/11,24.0453
2006/12/12,24.0453
2006/12/13,23.1966
2006/12/14,23.5502
2006/12/15,24.3281
2006/12/18,25.0354
2006/12/19,24.469601
2006/12/20,25.6719
2006/12/21,27.439899
2006/12/22,27.157
2006/12/25,28.359301
2006/12/26,27.510599
2006/12/27,27.0156
2006/12/28,26.8034
2006/12/29,28.6422
2007/1/2,30.6224
2007/1/3,30.2687
2007/1/4,29.773701
2007/1/5,31.0467
2007/1/8,29.9151
2007/1/9,31.966
2007/1/10,33.663399
2007/1/11,33.663399
2007/1/12,35.9972
2007/1/15,36.492199
2007/1/16,35.4314
2007/1/17,36.9165
2007/1/18,37.765202
2007/1/19,36.492199
2007/1/22,35.360699
2007/1/23,35.714298
2007/1/24,35.077801
2007/1/25,34.6535
2007/1/26,34.6535
2007/1/29,33.946301
2007/1/30,34.512001
2007/1/31,36.067902
2007/2/1,36.209301
2007/2/2,34.936401
2007/2/5,34.794899
2007/2/6,35.6436
2007/2/7,35.6436
2007/2/8,38.118801
2007/2/9,40.7355
2007/2/12,42.9986
2007/2/13,42.4328
2007/2/14,45.403099
2007/2/26,45.686001
2007/2/27,44.554501
2007/3/1,42.4328
2007/3/2,45.403099
2007/3/5,41.159801
2007/3/6,41.159801
2007/3/7,43.988701
2007/3/8,43.988701
2007/3/9,44.271599
2007/3/12,45.2617
2007/3/13,45.2617
2007/3/14,45.544601
2007/3/15,48.727001
2007/3/16,49.7878
2007/3/19,52.616699
2007/3/20,52.333801
2007/3/21,53.465401
2007/3/22,53.3946
2007/3/23,56.011299
2007/3/26,55.0919
2007/3/27,52.0509
2007/3/28,51.414398
2007/3/29,51.414398
2007/3/30,54.9505
2007/4/2,54.455399
2007/4/3,56.011299
2007/4/4,53.182499
2007/4/9,49.505001
2007/4/10,51.6973
2007/4/11,51.6973
2007/4/12,51.202301
2007/4/13,49.151299
2007/4/16,47.807598
2007/4/17,48.797699
2007/4/18,51.272999
2007/4/19,50.494999
2007/4/20,51.4851
2007/4/23,51.202301
2007/4/24,49.929298
2007/4/25,50.636501
2007/4/26,50.070702
2007/4/27,51.9095
2007/4/30,52.333801
2007/5/2,52.616699
2007/5/3,51.626598
2007/5/4,55.233398
2007/5/7,59.052299
2007/5/8,61.7397
2007/5/9,59.971699
2007/5/10,61.103199
2007/5/11,63.6492
2007/5/14,62.5177
2007/5/15,62.376202
2007/5/16,61.810501
2007/5/17,66.124496
2007/5/18,66.619499
2007/5/21,65.770897
2007/5/22,66.195198
2007/5/23,66.761002
2007/5/24,65.9123
2007/5/25,65.770897
2007/5/28,63.6492
2007/5/29,63.6492
2007/5/30,66.619499
2007/5/31,70.014099
2007/6/1,72.984398
2007/6/4,75.530403
2007/6/5,75.530403
2007/6/6,77.793503
2007/6/7,81.471001
2007/6/8,87.1287
2007/6/11,87.694504
2007/6/12,84.441299
2007/6/13,83.451202
2007/6/14,82.036797
2007/6/15,83.875504
2007/6/20,80.622398
2007/6/21,86.138603
2007/6/22,92.079201
2007/6/25,96.322502
2007/6/26,96.888298
2007/6/27,95.473801
2007/6/28,90.5233
2007/6/29,91.6549
2007/7/2,96.181099
2007/7/3,97.595497
2007/7/4,94.766602
2007/7/5,96.888298
2007/7/6,96.888298
2007/7/9,94.766602
2007/7/10,97.595497
2007/7/11,93.352203
2007/7/12,93.776497
2007/7/13,94.908096
2007/7/16,89.108902
2007/7/17,90.947701
2007/7/18,95.898201
2007/7/19,94.766602
2007/7/20,97.029701
2007/7/23,103.819
2007/7/24,111.032997
2007/7/25,118.669998
2007/7/26,126.874001
2007/7/27,135.643997
2007/7/30,126.167
2007/7/31,119.518997
2007/8/1,119.518997
2007/8/2,117.397003
2007/8/3,110.042
2007/8/6,105.799004
2007/8/7,103.252998
2007/8/8,110.467003
2007/8/9,113.153999
2007/8/10,109.194
2007/8/13,111.032997
2007/8/14,107.213997
2007/8/15,99.717102
2007/8/16,92.7864
2007/8/17,86.421501
2007/8/20,92.362099
2007/8/21,85.9972
2007/8/22,80.056602
2007/8/23,85.5728
2007/8/24,86.845802
2007/8/27,81.0467
2007/8/28,84.724197
2007/8/29,84.865601
2007/8/30,85.714302
2007/8/31,87.553001
2007/9/3,84.865601
2007/9/4,85.714302
2007/9/5,88.825996
2007/9/6,94.908096
2007/9/7,98.8685
2007/9/10,100.989998
2007/9/11,107.496002
2007/9/12,103.959999
2007/9/13,105.375
2007/9/14,109.476997
2007/9/17,107.071999
2007/9/18,107.071999
2007/9/19,99.717102
2007/9/20,96.888298
2007/9/21,103.536003
2007/9/26,102.686996
2007/9/27,105.515999
2007/9/28,104.101997
2007/10/1,102.545998
2007/10/2,105.375
2007/10/3,102.970001
2007/10/4,104.385002
2007/10/5,103.252998
2007/10/8,96.039597
2007/10/9,95.615303
2007/10/11,93.352203
2007/10/12,93.352203
2007/10/15,94.483704
2007/10/16,96.888298
2007/10/17,96.322502
2007/10/18,102.970001
2007/10/19,102.263
2007/10/22,99.009903
2007/10/23,105.941002
2007/10/24,102.970001
2007/10/25,102.686996
2007/10/26,100.848999
2007/10/29,99.151299
2007/10/30,99.151299
2007/10/31,97.595497
2007/11/1,97.595497
2007/11/2,90.806198
2007/11/5,87.411598
2007/11/6,83.168297
2007/11/7,80.622398
2007/11/8,75.106102
2007/11/9,76.379097
2007/11/12,78.642197
2007/11/13,83.026901
2007/11/14,87.694504
2007/11/15,87.694504
2007/11/16,89.250397
2007/11/19,85.5728
2007/11/20,89.816101
2007/11/21,86.987297
2007/11/22,88.118797
2007/11/23,87.411598
2007/11/26,85.148499
2007/11/27,89.674698
2007/11/28,85.9972
2007/11/29,88.825996
2007/11/30,90.5233
2007/12/3,93.069298
2007/12/4,99.575699
2007/12/5,98.726997
2007/12/6,93.776497
2007/12/7,93.635101
2007/12/10,93.776497
2007/12/11,90.806198
2007/12/12,91.230598
2007/12/13,84.865601
2007/12/14,79.349403
2007/12/17,73.833099
2007/12/18,77.510597
2007/12/19,79.207901
2007/12/20,73.691704
2007/12/21,78.7836
2007/12/24,83.875504
2007/12/25,83.875504
2007/12/26,85.148499
2007/12/27,84.865601
2007/12/28,88.684601
2007/12/31,89.957603
2008/1/2,87.694504
2008/1/3,88.543098
2008/1/4,84.441299
2008/1/7,78.642197
2008/1/8,74.9646
2008/1/9,80.197998
2008/1/10,78.7836
2008/1/11,81.612396
2008/1/14,76.944801
2008/1/15,75.813301
2008/1/16,76.661903
2008/1/17,78.359299
2008/1/18,82.319702
2008/1/21,81.612396
2008/1/22,75.954697
2008/1/23,70.650597
2008/1/24,70.014099
2008/1/25,73.408798
2008/1/28,68.316803
2008/1/29,63.578499
2008/1/30,62.5177
2008/1/31,58.203701
2008/2/1,54.455399
2008/2/12,50.707199
2008/2/13,47.241901
2008/2/14,50.494999
2008/2/15,53.9604
2008/2/18,55.162701
2008/2/19,57.284302
2008/2/20,55.3041
2008/2/21,59.1231
2008/2/22,63.224899
2008/2/25,63.790699
2008/2/26,63.0835
2008/2/27,65.063698
2008/2/29,66.053703
2008/3/3,62.234798
2008/3/4,65.063698
2008/3/5,64.0028
2008/3/6,68.458298
2008/3/7,68.9533
2008/3/10,65.9123
2008/3/11,67.892502
2008/3/12,70.155602
2008/3/13,66.761002
2008/3/14,67.680298
2008/3/17,65.629402
2008/3/18,66.902397
2008/3/19,66.902397
2008/3/20,68.599701
2008/3/21,72.135803
2008/3/24,74.257401
2008/3/25,76.379097
2008/3/26,79.349403
2008/3/27,75.671898
2008/3/28,79.490799
2008/3/31,77.934898
2008/4/1,75.954697
2008/4/2,78.359299
2008/4/3,79.9151
2008/4/7,79.9151
2008/4/8,76.5205
2008/4/9,76.379097
2008/4/10,80.197998
2008/4/11,78.500702
2008/4/14,80.3395
2008/4/15,83.451202
2008/4/16,82.602501
2008/4/17,81.612396
2008/4/18,79.9151
2008/4/21,81.0467
2008/4/22,82.036797
2008/4/23,83.309799
2008/4/24,80.056602
2008/4/25,80.763802
2008/4/28,80.622398
2008/4/29,80.905197
2008/4/30,81.188103
2008/5/2,86.845802
2008/5/5,89.533203
2008/5/6,89.108902
2008/5/7,85.007103
2008/5/8,87.553001
2008/5/9,84.724197
2008/5/12,85.714302
2008/5/13,85.5728
2008/5/14,86.280098
2008/5/15,86.421501
2008/5/16,87.270203
2008/5/19,87.694504
2008/5/20,85.5728
2008/5/21,86.704399
2008/5/22,86.987297
2008/5/23,83.309799
2008/5/26,77.510597
2008/5/27,80.622398
2008/5/28,77.227699
2008/5/29,78.642197
2008/5/30,77.086304
2008/6/2,77.369202
2008/6/3,77.934898
2008/6/4,80.905197
2008/6/5,81.188103
2008/6/6,79.773697
2008/6/9,77.086304
2008/6/10,73.550201
2008/6/11,69.377602
2008/6/12,64.568604
2008/6/13,61.103199
2008/6/16,57.637901
2008/6/17,60.537498
2008/6/18,60.749599
2008/6/19,58.6987
2008/6/20,60.113201
2008/6/23,59.971699
2008/6/24,55.799099
2008/6/25,56.718498
2008/6/26,56.577099
2008/6/27,52.616699
2008/6/30,48.939201
2008/7/1,48.939201
2008/7/2,51.4851
2008/7/3,55.021198
2008/7/4,52.899601
2008/7/7,56.577099
2008/7/8,53.182499
2008/7/9,54.879799
2008/7/10,55.021198
2008/7/11,55.728401
2008/7/14,54.313999
2008/7/15,50.5658
2008/7/16,49.929298
2008/7/17,51.9095
2008/7/18,52.333801
2008/7/21,55.940601
2008/7/22,57.425701
2008/7/23,58.557301
2008/7/24,58.981602
2008/7/25,59.830299
2008/7/28,59.830299
2008/7/29,58.981602
2008/7/30,57.637901
2008/7/31,53.889702
2008/8/1,53.748199
2008/8/4,53.323898
2008/8/5,50.919399
2008/8/6,54.455399
2008/8/7,53.465401
2008/8/8,56.223499
2008/8/11,56.294201
2008/8/12,57.284302
2008/8/13,60.6082
2008/8/14,60.254601
2008/8/15,57.0014
2008/8/18,55.162701
2008/8/19,56.294201
2008/8/20,54.313999
2008/8/21,53.9604
2008/8/22,51.9095
2008/8/25,51.626598
2008/8/26,51.626598
2008/8/27,53.889702
2008/8/28,53.536098
2008/8/29,53.748199
2008/9/1,50.919399
2008/9/2,50.636501
2008/9/3,47.100399
2008/9/4,43.847198
2008/9/5,41.0891
2008/9/8,43.917999
2008/9/9,40.8769
2008/9/10,41.584202
2008/9/11,38.684601
2008/9/12,36.9165
2008/9/15,34.370602
2008/9/16,31.966
2008/9/17,29.773701
2008/9/18,27.722799
2008/9/19,29.278601
2008/9/22,31.0467
2008/9/23,33.168301
2008/9/24,35.4314
2008/9/25,34.512001
2008/9/26,32.107498
2008/9/29,32.107498
2008/9/30,29.9151
2008/10/1,29.9151
2008/10/2,30.4809
2008/10/3,31.8246
2008/10/6,29.6322
2008/10/7,29.3494
2008/10/8,27.298401
2008/10/9,25.601101
2008/10/13,24.752501
2008/10/14,26.4498
2008/10/15,25.742599
2008/10/16,24.8939
2008/10/17,24.0453
2008/10/20,24.8939
2008/10/21,25.1768
2008/10/22,26.166901
2008/10/23,27.3692
2008/10/24,26.4498
2008/10/27,27.157
2008/10/28,28.9958
2008/10/29,28.005699
2008/10/30,29.9151
2008/10/31,29.561501
2008/11/3,31.117399
2008/11/4,30.905199
2008/11/5,30.198
2008/11/6,28.2885
2008/11/7,30.2687
2008/11/10,31.0467
2008/11/11,28.9958
2008/11/12,29.420099
2008/11/13,27.3692
2008/11/14,25.4597
2008/11/17,23.6917
2008/11/18,22.0651
2008/11/19,23.5502
2008/11/20,21.923599
2008/11/21,23.4088
2008/11/24,23.620899
2008/11/25,24.257401
2008/11/26,24.469601
2008/11/27,26.166901
2008/11/28,27.439899
2008/12/1,27.0156
2008/12/2,26.025499
2008/12/3,25.813299
2008/12/4,26.5912
2008/12/5,26.3083
2008/12/8,28.1471
2008/12/9,28.43
2008/12/10,30.4102
2008/12/11,31.0467
2008/12/12,28.924999
2008/12/15,30.905199
2008/12/16,32.461102
2008/12/17,31.5417
2008/12/18,31.8246
2008/12/19,33.451199
2008/12/22,31.258801
2008/12/23,31.117399
2008/12/24,31.188101
2008/12/25,31.683201
2008/12/26,31.683201
2008/12/29,30.834499
2008/12/30,32.107498
2008/12/31,32.6026
2009/1/2,32.6026
2009/1/5,34.865601
2009/1/6,35.360699
2009/1/7,35.360699
2009/1/8,32.9562
2009/1/9,33.7341
2009/1/12,34.229099
2009/1/13,35.502102
2009/1/14,34.794899
2009/1/15,32.743999
2009/1/16,34.158401
2009/1/19,35.2192
2009/1/20,34.229099
2009/1/21,34.016998
2009/2/2,34.2999
2009/2/3,36.633701
2009/2/4,36.775101
2009/2/5,36.067902
2009/2/6,36.775101
2009/2/9,35.926399
2009/2/10,36.3508
2009/2/11,37.057999
2009/2/12,36.067902
2009/2/13,38.543098
2009/2/16,41.230499
2009/2/17,41.584202
2009/2/18,41.584202
2009/2/19,43.705799
2009/2/20,43.281502
2009/2/23,42.4328
2009/2/24,42.645
2009/2/25,42.4328
2009/2/26,42.857101
2009/2/27,44.554501
2009/3/2,42.927898
2009/3/3,43.2108
2009/3/4,45.403099
2009/3/5,44.978802
2009/3/6,45.190899
2009/3/9,45.403099
2009/3/10,46.959
2009/3/11,46.959
2009/3/12,45.8274
2009/3/13,46.3932
2009/3/16,48.939201
2009/3/17,48.373402
2009/3/18,47.100399
2009/3/19,46.817501
2009/3/20,45.332401
2009/3/23,48.0905
2009/3/24,49.4342
2009/3/25,50.777901
2009/3/26,49.505001
2009/3/27,47.807598
2009/3/30,45.120201
2009/3/31,43.847198
2009/4/2,43.705799
2009/4/3,46.746799
2009/4/6,44.837299
2009/4/7,46.959
2009/4/8,48.6563
2009/4/9,49.505001
2009/4/10,50.2122
2009/4/13,50.2122
2009/4/14,51.4851
2009/4/15,50.990101
2009/4/16,51.202301
2009/4/17,47.666199
2009/4/20,47.807598
2009/4/21,49.222099
2009/4/22,49.151299
2009/4/23,49.222099
2009/4/24,50.2122
2009/4/27,46.959
2009/4/28,46.251801
2009/4/29,43.493599
2009/4/30,46.534599
2009/5/4,49.080601
2009/5/5,52.4753
2009/5/6,56.082001
2009/5/7,58.415798
2009/5/8,62.446999
2009/5/11,63.224899
2009/5/12,64.7808
2009/5/13,64.073502
2009/5/14,65.770897
2009/5/15,70.367798
2009/5/18,75.247498
2009/5/19,80.480904
2009/5/20,84.016998
2009/5/21,89.816101
2009/5/22,96.039597
2009/5/25,93.352203
2009/5/26,86.845802
2009/5/27,85.290001
2009/6/1,85.290001
2009/6/2,84.865601
2009/6/3,85.5728
2009/6/4,86.704399
2009/6/5,81.612396
2009/6/8,79.9151
2009/6/9,74.398903
2009/6/10,71.287102
2009/6/11,76.237602
2009/6/12,77.793503
2009/6/15,72.418701
2009/6/16,70.438499
2009/6/17,70.438499
2009/6/18,72.135803
2009/6/19,73.550201
2009/6/22,77.369202
2009/6/23,77.086304
2009/6/24,76.379097
2009/6/25,77.086304
2009/6/26,80.3395
2009/6/29,76.379097
2009/6/30,75.813301
2009/7/1,78.359299
2009/7/2,78.500702
2009/7/3,79.207901
2009/7/6,77.793503
2009/7/7,80.622398
2009/7/8,82.036797
2009/7/9,80.197998
2009/7/10,78.7836
2009/7/13,73.550201
2009/7/14,75.671898
2009/7/15,75.813301
2009/7/16,75.813301
2009/7/17,79.349403
2009/7/20,79.207901
2009/7/21,77.510597
2009/7/22,79.490799
2009/7/23,77.793503
2009/7/24,77.227699
2009/7/27,77.086304
2009/7/28,78.500702
2009/7/29,79.349403
2009/7/30,77.369202
2009/7/31,75.671898
2009/8/3,72.418701
2009/8/4,73.1259
2009/8/5,68.033997
2009/8/6,64.4272
2009/8/7,64.4272
2009/8/10,67.285698
2009/8/11,69.428596
2009/8/12,67.357101
2009/8/13,68.714302
2009/8/14,68.285698
2009/8/17,67
2009/8/18,65.142899
2009/8/19,65.428596
2009/8/20,63.285702
2009/8/21,59.785702
2009/8/24,63.5714
2009/8/25,62
2009/8/26,60.857101
2009/8/27,63.4286
2009/8/28,64.428596
2009/8/31,64.642899
2009/9/1,68.285698
2009/9/2,67.642899
2009/9/3,67.857101
2009/9/4,67.857101
2009/9/7,66.785698
2009/9/8,67.285698
2009/9/9,65.857101
2009/9/10,65.428596
2009/9/11,66.642899
2009/9/14,67.214302
2009/9/15,70.714302
2009/9/16,70.142899
2009/9/17,69.928596
2009/9/18,70.714302
2009/9/21,71.285698
2009/9/22,73
2009/9/23,71.142899
2009/9/24,70
2009/9/25,69.5
2009/9/28,67.642899
2009/9/29,68.285698
2009/9/30,69.571404
2009/10/1,68.642899
2009/10/2,68.571404
2009/10/5,70
2009/10/6,69.642899
2009/10/7,70.785698
2009/10/8,69.714302
2009/10/9,69.642899
2009/10/12,71
2009/10/13,71.285698
2009/10/14,71.357101
2009/10/15,71.857101
2009/10/16,71.428596
2009/10/19,72.285698
2009/10/20,72.857101
2009/10/21,71.714302
2009/10/22,69.928596
2009/10/23,69.714302
2009/10/26,68.714302
2009/10/27,69.285698
2009/10/28,67.285698
2009/10/29,65
2009/10/30,64.285698
2009/11/2,65.142899
2009/11/3,64.5
2009/11/4,67.642899
2009/11/5,65.714302
2009/11/6,65.928596
2009/11/9,65.428596
2009/11/10,66.571404
2009/11/11,68.285698
2009/11/12,67
2009/11/13,67.714302
2009/11/16,67.857101
2009/11/17,66.857101
2009/11/18,69.142899
2009/11/19,69.428596
2009/11/20,68.714302
2009/11/23,69.928596
2009/11/24,73.857101
2009/11/25,74.428596
2009/11/26,73.571404
2009/11/27,70.142899
2009/11/30,74.285698
2009/12/1,73.428596
2009/12/2,72.857101
2009/12/3,75.285698
2009/12/4,76.714302
2009/12/7,76
2009/12/8,75.142899
2009/12/9,75.142899
2009/12/10,72.285698
2009/12/11,73.428596
2009/12/14,73.142899
2009/12/15,72.714302
2009/12/16,74.571404
2009/12/17,73.142899
2009/12/18,72.571404
2009/12/21,72.857101
2009/12/22,75.142899
2009/12/23,74.428596
2009/12/24,73.714302
2009/12/25,73.428596
2009/12/28,75.714302
2009/12/29,74.285698
2009/12/30,75.714302
2009/12/31,81
2010/1/4,86.428596
2010/1/5,81.428596
2010/1/6,81.857101
2010/1/7,78.571404
2010/1/8,81.428596
2010/1/11,81
2010/1/12,80.142899
2010/1/13,81.142899
2010/1/14,82.714302
2010/1/15,81.571404
2010/1/18,82.142899
2010/1/19,80.428596
2010/1/20,80.857101
2010/1/21,78.571404
2010/1/22,78.285698
2010/1/25,77.571404
2010/1/26,74.285698
2010/1/27,71.571404
2010/1/28,74.285698
2010/1/29,72.714302
2010/2/1,71.571404
2010/2/2,67.714302
2010/2/3,68.071404
2010/2/4,68.5
2010/2/5,63.714298
2010/2/8,64.142899
2010/2/9,68.357101
2010/2/10,71.285698
2010/2/22,66.357101
2010/2/23,66.571404
2010/2/24,66.357101
2010/2/25,64.428596
2010/2/26,65.428596
2010/3/1,66.857101
2010/3/2,66.857101
2010/3/3,66.5
2010/3/4,66.571404
2010/3/5,67.285698
2010/3/8,67.857101
2010/3/9,72.571404
2010/3/10,70
2010/3/11,69.071404
2010/3/12,69.285698
2010/3/15,67.142899
2010/3/16,68
2010/3/17,69.642899
2010/3/18,70.428596
2010/3/19,70
2010/3/22,69.285698
2010/3/23,69.142899
2010/3/24,69.428596
2010/3/25,70.357101
2010/3/26,69.785698
2010/3/29,72.142899
2010/3/30,71.214302
2010/3/31,72
2010/4/1,72
2010/4/2,71.714302
2010/4/6,72
2010/4/7,76.571404
2010/4/8,74.285698
2010/4/9,74.714302
2010/4/12,74.285698
2010/4/13,76.428596
2010/4/14,76.857101
2010/4/15,78.857101
2010/4/16,77.285698
2010/4/19,72.714302
2010/4/20,73.142899
2010/4/21,73.714302
2010/4/22,73.428596
2010/4/23,73.714302
2010/4/26,74.285698
2010/4/27,75.285698
2010/4/28,75
2010/4/29,75.142899
2010/4/30,72.428596
2010/5/3,72
2010/5/4,71.714302
2010/5/5,68.571404
2010/5/6,70.142899
2010/5/7,72.857101
2010/5/10,72.142899
2010/5/11,71.428596
2010/5/12,70.142899
2010/5/13,71.571404
2010/5/14,72
2010/5/17,69.714302
2010/5/18,68.857101
2010/5/19,68.714302
2010/5/20,66.428596
2010/5/21,61.785702
2010/5/24,62.857101
2010/5/25,58.5
2010/5/26,57.285702
2010/5/27,61.285702
2010/5/28,63.714298
2010/5/31,64.428596
2010/6/1,66.142899
2010/6/2,63.9286
2010/6/3,65.357101
2010/6/4,65.142899
2010/6/7,63.857101
2010/6/8,65.214302
2010/6/9,62.714298
2010/6/10,65.214302
2010/6/11,65.571404
2010/6/14,65.714302
2010/6/15,66.428596
2010/6/17,66
2010/6/18,66
2010/6/21,67.142899
2010/6/22,67.642899
2010/6/23,68
2010/6/24,67.285698
2010/6/25,67.142899
2010/6/28,66.714302
2010/6/29,65.714302
2010/6/30,64.5
2010/7/1,65.142899
2010/7/2,64.285698
2010/7/5,64.285698
2010/7/6,66.571404
2010/7/7,65.214302
2010/7/8,65.928596
2010/7/9,66.285698
2010/7/12,66.857101
2010/7/13,66.642899
2010/7/14,68.285698
2010/7/15,68
2010/7/16,67.857101
2010/7/19,66.571404
2010/7/20,67.142899
2010/7/21,67.571404
2010/7/22,66.928596
2010/7/23,67.214302
2010/7/26,66.857101
2010/7/27,67.142899
2010/7/28,67.142899
2010/7/29,68.285698
2010/7/30,67.571404
2010/8/2,68.571404
2010/8/3,69.5
2010/8/4,68.642899
2010/8/5,64.571404
2010/8/6,63.285702
2010/8/9,64.428596
2010/8/10,63.214298
2010/8/11,63.714298
2010/8/12,63.714298
2010/8/13,65.714302
2010/8/16,65.357101
2010/8/17,64.571404
2010/8/18,64.642899
2010/8/19,65.714302
2010/8/20,66.071404
2010/8/23,66.285698
2010/8/24,65.357101
2010/8/25,62.857101
2010/8/26,62.9286
2010/8/27,62.9286
2010/8/30,62
2010/8/31,60.785702
2010/9/1,63.714298
2010/9/2,67.142899
2010/9/3,67.357101
2010/9/6,68.071404
2010/9/7,66.285698
2010/9/8,66.642899
2010/9/9,66.785698
2010/9/10,66.928596
2010/9/13,67.285698
2010/9/14,68.142899
2010/9/15,69.357101
2010/9/16,67.214302
2010/9/17,68.142899
2010/9/20,68.214302
2010/9/21,72.857101
2010/9/23,73.857101
2010/9/24,72
2010/9/27,70
2010/9/28,70.142899
2010/9/29,70.428596
2010/9/30,69.571404
2010/10/1,69.214302
2010/10/4,66.785698
2010/10/5,68
2010/10/6,68.642899
2010/10/7,69.357101
2010/10/8,69.357101
2010/10/11,69.142899
2010/10/12,67.928596
2010/10/13,66.428596
2010/10/14,65.714302
2010/10/15,64.142899
2010/10/18,64.857101
2010/10/19,64.857101
2010/10/20,66.357101
2010/10/21,65.571404
2010/10/22,66.214302
2010/10/25,66.285698
2010/10/26,65.428596
2010/10/27,62.5714
2010/10/28,64.285698
2010/10/29,63.0714
2010/11/1,62.785702
2010/11/2,62.642899
2010/11/3,60.857101
2010/11/4,61.5714
2010/11/5,62
2010/11/8,60.142899
2010/11/9,60.9286
2010/11/10,61
2010/11/11,61.857101
2010/11/12,61.285702
2010/11/15,62.4286
2010/11/16,62.142899
2010/11/17,61.357101
2010/11/18,61.5714
2010/11/19,61.142899
2010/11/22,61.285702
2010/11/23,62.142899
2010/11/24,61.642899
2010/11/25,63.0714
2010/11/26,63.214298
2010/11/29,63.857101
2010/11/30,63.642899
2010/12/1,64.5
2010/12/2,64.714302
2010/12/3,65.357101
2010/12/6,63.214298
2010/12/7,62.857101
2010/12/8,62.857101
2010/12/9,64.071404
2010/12/10,63.785702
2010/12/13,63.357101
2010/12/14,63.5714
2010/12/15,63
2010/12/16,62.4286
2010/12/17,63.285702
2010/12/20,62.642899
2010/12/21,62.857101
2010/12/22,64.214302
2010/12/23,63.642899
2010/12/24,63.285702
2010/12/27,62.714298
2010/12/28,61.9286
2010/12/29,60.714298
2010/12/30,61
2010/12/31,60.5714
2011/1/3,60.285702
2011/1/4,60.857101
2011/1/5,62.5
2011/1/6,62.357101
2011/1/7,61.285702
2011/1/10,62.0714
2011/1/11,63.285702
2011/1/12,63.642899
2011/1/13,63
2011/1/14,62.4286
2011/1/17,62.5
2011/1/18,62
2011/1/19,63.9286
2011/1/20,64.357101
2011/1/21,63.9286
2011/1/24,63
2011/1/25,63.5714
2011/1/26,66.285698
2011/1/27,66.285698
2011/1/28,64.714302
2011/2/8,62.714298
2011/2/9,62.4286
2011/2/10,63
2011/2/11,62
2011/2/14,62.642899
2011/2/15,63.5714
2011/2/16,63.642899
2011/2/17,62.357101
2011/2/18,62.4286
2011/2/21,61.357101
2011/2/22,59
2011/2/23,60.285702
2011/2/24,59.285702
2011/2/25,60.285702
2011/3/1,62.5714
2011/3/2,61.642899
2011/3/3,62.357101
2011/3/4,61.5714
2011/3/7,60
2011/3/8,60.0714
2011/3/9,60
2011/3/10,59.5714
2011/3/11,59.857101
2011/3/14,57.5714
2011/3/15,53.5714
2011/3/16,50.4286
2011/3/17,52.285702
2011/3/18,55.9286
2011/3/21,58.4286
2011/3/22,58.5714
2011/3/23,59
2011/3/24,59.285702
2011/3/25,58
2011/3/28,57.785702
2011/3/29,57.5
2011/3/30,58
2011/3/31,57.142899
2011/4/1,57.4286
2011/4/6,58.285702
2011/4/7,58.785702
2011/4/8,59.0714
2011/4/11,58.714298
2011/4/12,57.285702
2011/4/13,58.285702
2011/4/14,58.214298
2011/4/15,57.5714
2011/4/18,55.714298
2011/4/19,54.285702
2011/4/20,54.714298
2011/4/21,54.5714
2011/4/22,55.357101
2011/4/25,54.857101
2011/4/26,54.785702
2011/4/27,55.142899
2011/4/28,54
2011/4/29,52.714298
2011/5/3,52.714298
2011/5/4,54.285702
2011/5/5,54.857101
2011/5/6,55.4286
2011/5/9,55.714298
2011/5/10,55.714298
2011/5/11,55.5
2011/5/12,55
2011/5/13,55.142899
2011/5/16,55.142899
2011/5/17,53.9286
2011/5/18,54
2011/5/19,55
2011/5/20,53.9286
2011/5/23,51.357101
2011/5/24,51.357101
2011/5/25,51
2011/5/26,51
2011/5/27,53
2011/5/30,52.285702
2011/5/31,52.4286
2011/6/1,53.642899
2011/6/2,53.857101
2011/6/3,54.5714
2011/6/7,54.857101
2011/6/8,53.714298
2011/6/9,53.285702
2011/6/10,52.214298
2011/6/13,51.0714
2011/6/14,51.5
2011/6/15,51.9286
2011/6/16,50.785702
2011/6/17,51.714298
2011/6/20,48.142899
2011/6/21,47
2011/6/22,47.357101
2011/6/23,45.785702
2011/6/24,46.357101
2011/6/27,45.785702
2011/6/28,46.142899
2011/6/29,47
2011/6/30,46.857101
2011/7/1,46.5714
2011/7/4,44.4286
2011/7/5,42.214298
2011/7/6,42.4286
2011/7/7,41.285702
2011/7/8,42.5714
2011/7/11,41.142899
2011/7/12,38.285702
2011/7/13,35.642899
2011/7/14,37
2011/7/15,39.5714
2011/7/18,39.857101
2011/7/19,39.9286
2011/7/20,40.214298
2011/7/21,40.5714
2011/7/22,43.357101
2011/7/25,43.857101
2011/7/26,44.142899
2011/7/27,47.214298
2011/7/28,50
2011/7/29,48.142899
2011/8/1,48.357101
2011/8/2,51
2011/8/3,49.714298
2011/8/4,48
2011/8/5,44.642899
2011/8/8,41.5714
2011/8/9,44
2011/8/10,45.4286
2011/8/11,45.285702
2011/8/12,44.214298
2011/8/15,45.714298
2011/8/16,45.5
2011/8/17,44.0714
2011/8/18,43.5714
2011/8/19,40.5714
2011/8/22,41.0714
2011/8/23,41.4286
2011/8/24,42.285702
2011/8/25,41.785702
2011/8/26,41.5714
2011/8/29,42.714298
2011/8/30,43.857101
2011/8/31,44.785702
2011/9/1,44.285702
2011/9/2,45.0714
2011/9/5,42.642899
2011/9/6,40.785702
2011/9/7,42.357101
2011/9/8,41.857101
2011/9/9,41.285702
2011/9/13,41.214298
2011/9/14,40.5
2011/9/15,41.5
2011/9/16,42.714298
2011/9/19,42.142899
2011/9/20,45.0714
2011/9/21,46.9286
2011/9/22,47.642899
2011/9/23,45.142899
2011/9/26,42.714298
2011/9/27,45
2011/9/28,44
2011/9/29,44.142899
2011/9/30,47.214298
2011/10/3,45.857101
2011/10/4,46
2011/10/5,45.285702
2011/10/6,46.785702
2011/10/7,45
2011/10/11,45.714298
2011/10/12,46.5714
2011/10/13,47.214298
2011/10/14,47.214298
2011/10/17,47.5
2011/10/18,46.285702
2011/10/19,46.285702
2011/10/20,45.5714
2011/10/21,44.857101
2011/10/24,45.285702
2011/10/25,45.357101
2011/10/26,45.4286
2011/10/27,44.5714
2011/10/28,44.285702
2011/10/31,43.142899
2011/11/1,42.857101
2011/11/2,44.142899
2011/11/3,42.5714
2011/11/4,43.0714
2011/11/7,42.9286
2011/11/8,42.9286
2011/11/9,42.142899
2011/11/10,39.285702
2011/11/11,38.857101
2011/11/14,39.714298
2011/11/15,39.0714
2011/11/16,41.785702
2011/11/17,41.785702
2011/11/18,41.642899
2011/11/21,38.785702
2011/11/22,36.0714
2011/11/23,33.9286
2011/11/24,34.285702
2011/11/25,33.4286
2011/11/28,34.214298
2011/11/29,36
2011/11/30,34.5714
2011/12/1,36.9286
2011/12/2,37.642899
2011/12/5,37.785702
2011/12/6,35.357101
2011/12/7,35.5714
2011/12/8,35.5714
2011/12/9,35.357101
2011/12/12,35
2011/12/13,34.714298
2011/12/14,35.214298
2011/12/15,34.214298
2011/12/16,34.4286
2011/12/19,32.0714
2011/12/20,32.285702
2011/12/21,34.5
2011/12/22,34.142899
2011/12/23,35.357101
2011/12/26,35.142899
2011/12/27,35.214298
2011/12/28,34.5714
2011/12/29,35.0714
2011/12/30,35.0714
2012/1/2,35.0714
2012/1/3,35.0714
2012/1/4,35.0714
2012/1/5,35.0714
2012/1/6,39.5714
2012/1/9,38.785702
2012/1/10,39.0714
2012/1/11,39.0714
2012/1/12,39.142899
2012/1/13,38.285702
2012/1/16,40.5714
2012/1/17,43.0714
2012/1/18,42.857101
2012/1/30,44.785702
2012/1/31,44.0714
2012/2/1,44.642899
2012/2/2,46.857101
2012/2/3,46.857101
2012/2/6,46.857101
2012/2/7,47.857101
2012/2/8,48.9286
2012/2/9,48.4286
2012/2/10,48.5714
2012/2/13,51.9286
2012/2/14,54.785702
2012/2/15,58.5714
2012/2/16,56.5714
2012/2/17,55.785702
2012/2/20,55.0714
2012/2/21,55.714298
2012/2/22,55.857101
2012/2/23,55.9286
2012/2/24,56.214298
2012/2/29,55
2012/3/1,56.857101
2012/3/2,56.857101
2012/3/5,53.9286
2012/3/6,50.214298
2012/3/7,50
2012/3/8,50
2012/3/9,51.0714
2012/3/12,49.5714
2012/3/13,49.5
2012/3/14,49.9286
2012/3/15,50.714298
2012/3/16,50.214298
2012/3/19,50.357101
2012/3/20,49.714298
2012/3/21,49.714298
2012/3/22,51.642899
2012/3/23,55.214298
2012/3/26,55.9286
2012/3/27,55.4286
2012/3/28,56
2012/3/29,52.142899
2012/3/30,54.285702
2012/4/2,53.4286
2012/4/3,50.142899
2012/4/5,49.5714
2012/4/6,52.5714
2012/4/9,50.857101
2012/4/10,52.714298
2012/4/11,54.714298
2012/4/12,55.857101
2012/4/13,58.4286
2012/4/16,60
2012/4/17,59.5714
2012/4/18,57.142899
2012/4/19,57.142899
2012/4/20,55.785702
2012/4/23,56.642899
2012/4/24,55.9286
2012/4/25,59.142899
2012/4/26,57.5714
2012/4/27,55.857101
2012/4/30,57.714298
2012/5/2,61.714298
2012/5/3,62.357101
2012/5/4,62.142899
2012/5/7,59.4286
2012/5/8,60.214298
2012/5/9,60.214298
2012/5/10,59.214298
2012/5/11,56.857101
2012/5/14,56.857101
2012/5/15,59.285702
2012/5/16,55.714298
2012/5/17,56.4286
2012/5/18,53.214298
2012/5/21,53.285702
2012/5/22,55.285702
2012/5/23,54.5
2012/5/24,54.142899
2012/5/25,51.857101
2012/5/28,51.714298
2012/5/29,55.285702
2012/5/30,54.857101
2012/5/31,55.642899
2012/6/1,53.714298
2012/6/4,50.857101
2012/6/5,53.5714
2012/6/6,57.285702
2012/6/7,57.785702
2012/6/8,57.4286
2012/6/11,58.357101
2012/6/12,57.714298
2012/6/13,58
2012/6/14,60.285702
2012/6/15,63.214298
2012/6/18,64
2012/6/19,65
2012/6/20,65
2012/6/21,61.9286
2012/6/22,63.214298
2012/6/25,62.0714
2012/6/26,61.285702
2012/6/27,61.714298
2012/6/28,62.642899
2012/6/29,62.642899
2012/7/2,61.714298
2012/7/3,62.142899
2012/7/4,66.428596
2012/7/5,67.142899
2012/7/6,67.857101
2012/7/9,67.571404
2012/7/10,64.071404
2012/7/11,68.285698
2012/7/12,67.071404
2012/7/13,68.857101
2012/7/16,67.357101
2012/7/17,65.571404
2012/7/18,66.428596
2012/7/19,68.214302
2012/7/20,66
2012/7/23,64.071404
2012/7/24,66.714302
2012/7/25,65.857101
2012/7/26,64.642899
2012/7/27,66
2012/7/30,68.142899
2012/7/31,69.857101
2012/8/1,69.857101
2012/8/2,69.857101
2012/8/3,69.571404
2012/8/6,69
2012/8/7,66.357101
2012/8/8,66.214302
2012/8/9,68.714302
2012/8/10,68.071404
2012/8/13,66.571404
2012/8/14,67.142899
2012/8/15,68.142899
2012/8/16,68.571404
2012/8/17,68.785698
2012/8/20,68.428596
2012/8/21,67.714302
2012/8/22,67.714302
2012/8/23,67.142899
2012/8/24,66.928596
2012/8/27,67
2012/8/28,68.428596
2012/8/29,68
2012/8/30,67.428596
2012/8/31,67
2012/9/3,68.357101
2012/9/4,67.428596
2012/9/5,67.428596
2012/9/6,67.285698
2012/9/7,70.285698
2012/9/10,72
2012/9/11,70.857101
2012/9/12,75.714302
2012/9/13,77.857101
2012/9/14,77.571404
2012/9/17,77.285698
2012/9/18,77
2012/9/19,79.142899
2012/9/20,76.571404
2012/9/21,76.285698
2012/9/24,75.285698
2012/9/25,75.142899
2012/9/26,73.571404
2012/9/27,74
2012/9/28,74
2012/10/1,76
2012/10/2,75.142899
2012/10/3,78.571404
2012/10/4,78.714302
2012/10/5,78.428596
2012/10/8,77
2012/10/9,74.571404
2012/10/11,73.571404
2012/10/12,73.714302
2012/10/15,73.857101
2012/10/16,75
2012/10/17,75.714302
2012/10/18,74.857101
2012/10/19,70.071404
2012/10/22,70.071404
2012/10/23,71.357101
2012/10/24,69.928596
2012/10/25,68.071404
2012/10/26,64.714302
2012/10/29,65.142899
2012/10/30,66
2012/10/31,64.571404
2012/11/1,64.285698
2012/11/2,63.714298
2012/11/5,61
2012/11/6,62.5714
2012/11/7,64
2012/11/8,63.5714
2012/11/9,65.857101
2012/11/12,65.428596
2012/11/13,63.142899
2012/11/14,63.5714
2012/11/15,62.857101
2012/11/16,62.9286
2012/11/19,60.857101
2012/11/20,59.285702
2012/11/21,58
2012/11/22,59.5714
2012/11/23,63.714298
2012/11/26,65.714302
2012/11/27,64.642899
2012/11/28,64.285698
2012/11/29,63.857101
2012/11/30,64.5
2012/12/3,64
2012/12/4,68.428596
2012/12/5,70.214302
2012/12/6,69.142899
2012/12/7,68.785698
2012/12/10,67.142899
2012/12/11,68.571404
2012/12/12,67.857101
2012/12/13,67.571404
2012/12/14,67.857101
2012/12/17,64.928596
2012/12/18,66
2012/12/19,65.714302
2012/12/20,64.714302
2012/12/21,66.571404
2012/12/24,66.142899
2012/12/25,67.142899
2012/12/26,66.571404
2012/12/27,67.142899
2012/12/28,66.785698
2013/1/2,67.5
2013/1/3,69.714302
2013/1/4,70.142899
2013/1/7,68.714302
2013/1/8,68.214302
2013/1/9,68.714302
2013/1/10,70.857101
2013/1/11,70.642899
2013/1/14,71.428596
2013/1/15,71.357101
2013/1/16,69.714302
2013/1/17,66
2013/1/18,67.428596
2013/1/21,66.857101
2013/1/22,66.857101
2013/1/23,66.857101
2013/1/24,67.857101
2013/1/25,67.857101
2013/1/28,69.714302
2013/1/29,70.285698
2013/1/30,75.142899
2013/1/31,78.142899
2013/2/1,79.285698
2013/2/4,79.285698
2013/2/5,80.714302
2013/2/6,80.142899
2013/2/18,85.714302
2013/2/19,85.857101
2013/2/20,88.142899
2013/2/21,87.142899
2013/2/22,86.142899
2013/2/25,86.714302
2013/2/26,85.714302
2013/2/27,89.285698
2013/3/1,91.714302
2013/3/4,91.428596
2013/3/5,94.571404
2013/3/6,95.714302
2013/3/7,95.285698
2013/3/8,95.714302
2013/3/11,97.714302
2013/3/12,93.285698
2013/3/13,89.285698
2013/3/14,89.285698
2013/3/15,90
2013/3/18,90.571404
2013/3/19,90
2013/3/20,89.142899
2013/3/21,88.571404
2013/3/22,87.428596
2013/3/25,91.428596
2013/3/26,94.142899
2013/3/27,94.142899
2013/3/28,93.857101
2013/3/29,95.571404
2013/4/1,95.714302
2013/4/2,96.571404
2013/4/3,96.428596
2013/4/8,92.571404
2013/4/9,89.285698
2013/4/10,95.428596
2013/4/11,96.857101
2013/4/12,95.714302
2013/4/15,96.714302
2013/4/16,97.285698
2013/4/17,102.713997
2013/4/18,105
2013/4/19,105.142998
2013/4/22,108.286003
2013/4/23,104.713997
2013/4/24,105.429001
2013/4/25,105.713997
2013/4/26,106.429001
2013/4/29,111.142998
2013/4/30,112.142998
2013/5/2,110
2013/5/3,109
2013/5/6,114.286003
2013/5/7,110.713997
2013/5/8,112.570999
2013/5/9,112.142998
2013/5/10,110.570999
2013/5/13,110.286003
2013/5/14,108.857002
2013/5/15,109.429001
2013/5/16,110.429001
2013/5/17,110.713997
2013/5/20,112.142998
2013/5/21,110.570999
2013/5/22,109.429001
2013/5/23,106.713997
2013/5/24,104.857002
2013/5/27,106.713997
2013/5/28,108.286003
2013/5/29,109.713997
2013/5/30,108.142998
2013/5/31,110
2013/6/3,111.570999
2013/6/4,110.570999
2013/6/5,112.142998
2013/6/6,110
2013/6/7,107.857002
2013/6/10,109.570999
2013/6/11,105
2013/6/13,97.714302
2013/6/14,98.571404
2013/6/17,100.857002
2013/6/18,102.286003
2013/6/19,101.286003
2013/6/20,98
2013/6/21,95.571404
2013/6/24,89.428596
2013/6/25,86.428596
2013/6/26,92.428596
2013/6/27,95
2013/6/28,96.428596
2013/7/1,99.571404
2013/7/2,98
2013/7/3,93.428596
2013/7/4,91.714302
2013/7/5,87.285698
2013/7/8,90.714302
2013/7/9,90.857101
2013/7/10,87.142899
2013/7/11,88.285698
2013/7/12,86.714302
2013/7/15,87.428596
2013/7/16,89.857101
2013/7/17,88.428596
2013/7/18,84.714302
2013/7/19,78.857101
2013/7/22,79.142899
2013/7/23,81.571404
2013/7/24,80.857101
2013/7/25,81.142899
2013/7/26,84.428596
2013/7/29,81
2013/7/30,82.142899
2013/7/31,80.428596
2013/8/1,83
2013/8/2,80.857101
2013/8/5,80
2013/8/6,78.571404
2013/8/7,73.142899
2013/8/8,72.428596
2013/8/9,73.142899
2013/8/12,73.285698
2013/8/13,73.428596
2013/8/14,74.285698
2013/8/15,73.714302
2013/8/16,73.428596
2013/8/19,73.571404
2013/8/20,68.714302
2013/8/22,69.571404
2013/8/23,70.357101
2013/8/26,72.857101
2013/8/27,70.214302
2013/8/28,69.642899
2013/8/29,72.285698
2013/8/30,72.285698
2013/9/2,75.428596
2013/9/3,78.285698
2013/9/4,77.571404
2013/9/5,77.142899
2013/9/6,78.714302
2013/9/9,77.714302
2013/9/10,75.285698
2013/9/11,74.857101
2013/9/12,74.428596
2013/9/13,72
2013/9/16,71
2013/9/17,71
2013/9/18,72
2013/9/23,74.428596
2013/9/24,74.857101
2013/9/25,73.142899
2013/9/26,70.857101
2013/9/27,71.285698
2013/9/30,72
2013/10/1,71.857101
2013/10/2,70.928596
2013/10/3,70.714302
2013/10/4,70.5
2013/10/7,68.571404
2013/10/8,68.142899
2013/10/9,65.785698
2013/10/11,63.785702
2013/10/14,60.285702
2013/10/15,62.285702
2013/10/16,61.214298
2013/10/17,62.857101
2013/10/18,67
2013/10/21,65.571404
2013/10/22,66.571404
2013/10/23,67
2013/10/24,65.928596
2013/10/25,65
2013/10/28,64
2013/10/29,64.285698
2013/10/30,64
2013/10/31,63.5714
2013/11/1,62
2013/11/4,60.785702
2013/11/5,62
2013/11/6,61.9286
2013/11/7,62.142899
2013/11/8,62.9286
2013/11/11,61.857101
2013/11/12,60.857101
2013/11/13,60.285702
2013/11/14,61.285702
2013/11/15,60.857101
2013/11/18,60.214298
2013/11/19,60.285702
2013/11/20,59.785702
2013/11/21,58.714298
2013/11/22,59.0714
2013/11/25,60.714298
2013/11/26,61.285702
2013/11/27,62.5714
2013/11/28,62.5714
2013/11/29,62.285702
2013/12/2,63.285702
2013/12/3,65.214302
2013/12/4,64.357101
2013/12/5,65.857101
2013/12/6,64.785698
2013/12/9,64
2013/12/10,64.285698
2013/12/11,65.142899
2013/12/12,65.357101
2013/12/13,65.857101
2013/12/16,66.214302
2013/12/17,65.714302
2013/12/18,65.357101
2013/12/19,66.285698
2013/12/20,65
2013/12/23,64.357101
2013/12/24,64.714302
2013/12/25,65.285698
2013/12/26,65.857101
2013/12/27,66.571404
2013/12/30,66.285698
2013/12/31,66.928596
2014/1/2,67.285698
2014/1/3,68.571404
2014/1/6,67.357101
2014/1/7,67.857101
2014/1/8,71.428596
2014/1/9,74.285698
2014/1/10,74.285698
2014/1/13,74.285698
2014/1/14,75.714302
2014/1/15,75.428596
2014/1/16,73.714302
2014/1/17,77.857101
2014/1/20,78.571404
2014/1/21,78.714302
2014/1/22,78.857101
2014/1/23,79.285698
2014/1/24,76.857101
2014/1/27,75.142899
2014/2/5,77.142899
2014/2/6,76.571404
2014/2/7,75.571404
2014/2/10,74.142899
2014/2/11,76
2014/2/12,77.428596
2014/2/13,77.571404
2014/2/14,75.857101
2014/2/17,78
2014/2/18,78.142899
2014/2/19,77.285698
2014/2/20,76
2014/2/21,76.857101
2014/2/24,77.142899
2014/2/25,79.285698
2014/2/26,78.285698
2014/2/27,77.714302
2014/3/3,77.142899
2014/3/4,76.571404
2014/3/5,76.285698
2014/3/6,76.571404
2014/3/7,77
2014/3/10,76.857101
2014/3/11,77.714302
2014/3/12,77.285698
2014/3/13,78.571404
2014/3/14,77.714302
2014/3/17,79.714302
2014/3/18,82.714302
2014/3/19,80.714302
2014/3/20,79
2014/3/21,79.428596
2014/3/24,78.857101
2014/3/25,79.714302
2014/3/26,80.285698
2014/3/27,80
2014/3/28,79.142899
2014/3/31,83.714302
2014/4/1,83.714302
2014/4/2,85.714302
2014/4/3,85.428596
2014/4/7,83.428596
2014/4/8,83.571404
2014/4/9,83.857101
2014/4/10,82.285698
2014/4/11,81.428596
2014/4/14,82.857101
2014/4/15,83.571404
2014/4/16,82.857101
2014/4/17,85.142899
2014/4/18,84.285698
2014/4/21,84.428596
2014/4/22,84.714302
2014/4/23,83.571404
2014/4/24,82.571404
2014/4/25,80.142899
2014/4/28,80.285698
2014/4/29,80.428596
2014/4/30,79.714302
2014/5/2,80
2014/5/5,80.714302
2014/5/6,81.428596
2014/5/7,80.857101
2014/5/8,80.714302
2014/5/9,79.428596
2014/5/12,78.285698
2014/5/13,76.857101
2014/5/14,75.714302
2014/5/15,76
2014/5/16,76.428596
2014/5/19,77.285698
2014/5/20,76.714302
2014/5/21,75.714302
2014/5/22,77.142899
2014/5/23,78.571404
2014/5/26,80.714302
2014/5/27,80.714302
2014/5/28,81.142899
2014/5/29,80.571404
2014/5/30,81.714302
2014/6/3,80.571404
2014/6/4,80.571404
2014/6/5,81.857101
2014/6/6,85.571404
2014/6/9,85.142899
2014/6/10,84.142899
2014/6/11,85.428596
2014/6/12,85.285698
2014/6/13,84.142899
2014/6/16,84.285698
2014/6/17,84.142899
2014/6/18,83.142899
2014/6/19,84.285698
2014/6/20,85.285698
2014/6/23,82
2014/6/24,81.857101
2014/6/25,80.857101
2014/6/26,81
2014/6/27,81.571404
2014/6/30,82.428596
2014/7/1,82.857101
2014/7/2,81.428596
2014/7/3,82.142899
2014/7/4,82.142899
2014/7/7,79.285698
2014/7/8,79.714302
2014/7/9,78.142899
2014/7/10,79.857101
2014/7/11,78.285698
2014/7/14,78.714302
2014/7/15,79.142899
2014/7/16,75.142899
2014/7/17,74.428596
2014/7/18,73.571404
2014/7/21,73.714302
2014/7/22,74.142899
2014/7/23,74.142899
2014/7/24,74
2014/7/25,73.857101
2014/7/28,72.857101
2014/7/29,70.428596
2014/7/30,71.714302
2014/7/31,70.142899
2014/8/1,70.428596
2014/8/4,70.571404
2014/8/5,69.428596
2014/8/6,68.214302
2014/8/7,67.571404
2014/8/8,66.857101
2014/8/11,69.285698
2014/8/12,69.928596
2014/8/13,70.214302
2014/8/14,69.357101
2014/8/15,71.857101
2014/8/18,71.285698
2014/8/19,71.142899
2014/8/20,72.714302
2014/8/21,71.571404
2014/8/22,71.571404
2014/8/25,71.857101
2014/8/26,72.142899
2014/8/27,73.428596
2014/8/28,73.571404
2014/8/29,73.285698
2014/9/1,73.285698
2014/9/2,73.428596
2014/9/3,72.571404
2014/9/4,71.857101
2014/9/5,72.571404
2014/9/9,71.714302
2014/9/10,71.428596
2014/9/11,71.142899
2014/9/12,70.285698
2014/9/15,69.857101
2014/9/16,69.285698
2014/9/17,70.214302
2014/9/18,70.357101
2014/9/19,73.714302
2014/9/22,72.857101
2014/9/23,72.285698
2014/9/24,72.142899
2014/9/25,72.142899
2014/9/26,72.142899
2014/9/29,74.571404
2014/9/30,74
2014/10/1,72.714302
2014/10/2,73
2014/10/3,75.142899
2014/10/6,75
2014/10/7,74.428596
2014/10/8,73.571404
2014/10/9,72.714302
2014/10/13,68.285698
2014/10/14,68.5
2014/10/15,67.428596
2014/10/16,66.571404
2014/10/17,65.928596
2014/10/20,67
2014/10/21,67.142899
2014/10/22,67.285698
2014/10/23,67.142899
2014/10/24,66.357101
2014/10/27,64.285698
2014/10/28,66.428596
2014/10/29,68.285698
2014/10/30,68.571404
2014/10/31,68.714302
2014/11/3,69.5
2014/11/4,69.571404
2014/11/5,69
2014/11/6,68.285698
2014/11/7,68.642899
2014/11/10,68.285698
2014/11/11,67.357101
2014/11/12,66.642899
2014/11/13,66.142899
2014/11/14,65.071404
2014/11/17,64.785698
2014/11/18,64.071404
2014/11/19,60.285702
2014/11/20,61.9286
2014/11/21,62.5714
2014/11/24,62.714298
2014/11/25,62.285702
2014/11/26,62.5714
2014/11/27,63.4286
2014/11/28,62.714298
2014/12/1,62.5
2014/12/2,62.4286
2014/12/3,63.357101
2014/12/4,63.5714
2014/12/5,63.785702
2014/12/8,62.714298
2014/12/9,63.714298
2014/12/10,63.9286
2014/12/11,63.642899
2014/12/12,64.642899
2014/12/15,65.857101
2014/12/16,65
2014/12/17,63.642899
2014/12/18,63.5714
2014/12/19,63
2014/12/22,64.071404
2014/12/23,64.5
2014/12/24,64.785698
2014/12/25,65.071404
2014/12/26,65.142899
2014/12/29,67.214302
2014/12/30,66.642899
2014/12/31,68.642899
2015/1/5,68.142899
2015/1/6,67.142899
2015/1/7,68.571404
2015/1/8,69.357101
2015/1/9,70
2015/1/12,69.428596
2015/1/13,70.285698
2015/1/14,69.714302
2015/1/15,69.571404
2015/1/16,68.571404
2015/1/19,67.714302
2015/1/20,70
2015/1/21,69.285698
2015/1/22,69.857101
2015/1/23,69.357101
2015/1/26,69.428596
2015/1/27,69.571404
2015/1/28,69.357101
2015/1/29,69.571404
2015/1/30,71.142899
2015/2/2,72
2015/2/3,74.142899
2015/2/4,74.571404
2015/2/5,75.142899
2015/2/6,73.857101
2015/2/9,74.714302
2015/2/10,74.285698
2015/2/11,73.285698
2015/2/12,74.285698
2015/2/13,73.714302
2015/2/24,74
2015/2/25,76
2015/2/26,76
2015/3/2,76.428596
2015/3/3,78.142899
2015/3/4,77.285698
2015/3/5,77.142899
2015/3/6,78.285698
2015/3/9,78
2015/3/10,78.571404
2015/3/11,78.571404
2015/3/12,78.142899
2015/3/13,78.571404
2015/3/16,79.142899
2015/3/17,79.714302
2015/3/18,80
2015/3/19,80.142899
2015/3/20,79.428596
2015/3/23,79
2015/3/24,79.714302
2015/3/25,78.571404
2015/3/26,77.857101
2015/3/27,77.857101
2015/3/30,76.714302
2015/3/31,76.428596
2015/4/1,75.571404
2015/4/2,76.857101
2015/4/7,76.142899
2015/4/8,74.857101
2015/4/9,74.714302
2015/4/10,73.857101
2015/4/13,74.285698
2015/4/14,74
2015/4/15,73.714302
2015/4/16,75.142899
2015/4/17,74
2015/4/20,71.857101
2015/4/21,71.714302
2015/4/22,72.142899
2015/4/23,72.857101
2015/4/24,72.571404
2015/4/27,73.142899
2015/4/28,72.428596
2015/4/29,71.571404
2015/4/30,72
2015/5/4,71.428596
2015/5/5,71.214302
2015/5/6,71.571404
2015/5/7,70.928596
2015/5/8,68.785698
2015/5/11,66.714302
2015/5/12,68.571404
2015/5/13,69.428596
2015/5/14,67.714302
2015/5/15,67.285698
2015/5/18,65.857101
2015/5/19,66.428596
2015/5/20,67.571404
2015/5/21,65.071404
2015/5/22,65.5
2015/5/25,64.857101
2015/5/26,64.571404
2015/5/27,64
2015/5/28,66.642899
2015/5/29,65.428596
2015/6/1,66.214302
2015/6/2,66.428596
2015/6/3,67.285698
2015/6/4,64.857101
2015/6/5,64.857101
2015/6/8,64.285698
2015/6/9,58.9286
2015/6/10,60.4286
2015/6/11,59.642899
2015/6/12,58.857101
2015/6/15,59.642899
2015/6/16,60.142899
2015/6/17,60.714298
2015/6/18,61.642899
2015/6/22,62.857101
2015/6/23,61.857101
2015/6/24,61.857101
2015/6/25,62.214298
2015/6/26,62.0714
2015/6/29,60
2015/6/30,61.4286
2015/7/1,63.4286
2015/7/2,62.9286
2015/7/3,62.285702
2015/7/6,61.5714
2015/7/7,61.9286
2015/7/8,59.5714
2015/7/9,59.5714
2015/7/10,59.5714
2015/7/13,60
2015/7/14,60
2015/7/15,59.5714
2015/7/16,59.4286
2015/7/17,59
2015/7/20,58.214298
2015/7/21,57.5714
2015/7/22,55.714298
2015/7/23,50.857101
2015/7/24,49.285702
2015/7/27,45.714298
2015/7/28,46.714298
2015/7/29,46.5
2015/7/30,47.5
2015/7/31,47
2015/8/3,45.785702
2015/8/4,46
2015/8/5,44.857101
2015/8/6,43.714298
2015/8/7,43.285702
2015/8/10,44.285702
2015/8/11,43.5714
2015/8/12,43.785702
2015/8/13,43.857101
2015/8/14,44.785702
2015/8/17,43.5714
2015/8/18,43.9286
2015/8/19,43.5
2015/8/20,43.9286
2015/8/21,42.857101
2015/8/24,39.285702
2015/8/25,41.142899
2015/8/26,42.5714
2015/8/27,46.285702
2015/8/28,46.642899
2015/8/31,46.5
2015/9/1,46.5714
2015/9/2,46.285702
2015/9/3,48.285702
2015/9/4,45.9286
2015/9/7,45.9286
2015/9/8,46.285702
2015/9/9,48.857101
2015/9/10,49.5
2015/9/11,49.714298
2015/9/14,51.142899
2015/9/15,50
2015/9/16,50.214298
2015/9/17,51.714298
2015/9/18,52
2015/9/21,50.5714
2015/9/22,51
2015/9/23,50.0714
2015/9/24,48.5714
2015/9/25,48.857101
2015/9/29,48.857101
2015/9/30,48.5714
2015/10/1,49.357101
2015/10/2,49.4286
2015/10/5,50.857101
2015/10/6,50.714298
2015/10/7,50.9286
2015/10/8,50.285702
2015/10/12,51
2015/10/13,51.642899
2015/10/14,51.5
2015/10/15,51.4286
2015/10/16,52.857101
2015/10/19,51.9286
2015/10/20,52
2015/10/21,52
2015/10/22,53.857101
2015/10/23,52.857101
2015/10/26,52.857101
2015/10/27,52.785702
2015/10/28,52.357101
2015/10/29,51.857101
2015/10/30,51.4286
2015/11/2,51.142899
2015/11/3,53.714298
2015/11/4,55.5
2015/11/5,55
2015/11/6,54.142899
2015/11/9,53.142899
2015/11/10,53.214298
2015/11/11,52.4286
2015/11/12,51.642899
2015/11/13,51.4286
2015/11/16,51.785702
2015/11/17,54
2015/11/18,53.142899
2015/11/19,53.357101
2015/11/20,52.9286
2015/11/23,53.4286
2015/11/24,52.0714
2015/11/25,52.0714
2015/11/26,54.285702
2015/11/27,53.714298
2015/11/30,52.4286
2015/12/1,53.142899
2015/12/2,58.214298
2015/12/3,57.142899
2015/12/4,58
2015/12/7,61
2015/12/8,61.857101
2015/12/9,61.785702
2015/12/10,61.9286
2015/12/11,61.5
2015/12/14,60.857101
2015/12/15,65.285698
2015/12/16,64
2015/12/17,66.142899
2015/12/18,66.571404
2015/12/21,67.071404
2015/12/22,66.785698
2015/12/23,64.642899
2015/12/24,63.714298
2015/12/25,65.428596
2015/12/28,64.357101
2015/12/29,65.285698
2015/12/30,65.071404
2015/12/31,65.428596
2016/1/4,64.428596
2016/1/5,63.642899
2016/1/6,61.714298
2016/1/7,62
2016/1/8,61.4286
2016/1/11,59.714298
2016/1/12,58.5714
2016/1/13,57.642899
2016/1/14,55.4286
2016/1/15,55.785702
2016/1/18,59
2016/1/19,59.142899
2016/1/20,56
2016/1/21,55.642899
2016/1/22,55.642899
2016/1/25,56.857101
2016/1/26,57.142899
2016/1/27,57
2016/1/28,59.857101
2016/1/29,60.285702
2016/1/30,null
2016/2/1,60
2016/2/2,59.642899
2016/2/3,58.785702
2016/2/15,58.5714
2016/2/16,60.142899
2016/2/17,59.142899
2016/2/18,59
2016/2/19,59
2016/2/22,61.642899
2016/2/23,61
2016/2/24,60
2016/2/25,61.214298
2016/2/26,61.285702
2016/3/1,63.0714
2016/3/2,62.4286
2016/3/3,61.5714
2016/3/4,60.714298
2016/3/7,60.285702
2016/3/8,59.357101
2016/3/9,58.714298
2016/3/10,58.714298
2016/3/11,59.5
2016/3/14,59.9286
2016/3/15,58.5
2016/3/16,56.857101
2016/3/17,54.785702
2016/3/18,55.285702
2016/3/21,55.714298
2016/3/22,55.4286
2016/3/23,55.4286
2016/3/24,55.785702
2016/3/25,54.5714
2016/3/28,54.5
2016/3/29,54.5714
2016/3/30,55.214298
2016/3/31,55
2016/4/1,54.9286
2016/4/6,54.142899
2016/4/7,52.142899
2016/4/8,51.5714
2016/4/11,53.285702
2016/4/12,51.857101
2016/4/13,52.4286
2016/4/14,52.5
2016/4/15,50.785702
2016/4/18,50.785702
2016/4/19,50.357101
2016/4/20,49.714298
2016/4/21,49.285702
2016/4/22,48.0714
2016/4/25,49.714298
2016/4/26,48.9286
2016/4/27,49.214298
2016/4/28,48
2016/4/29,47.785702
2016/5/3,47.142899
2016/5/4,46.142899
2016/5/5,46.9286
2016/5/6,47.785702
2016/5/9,47.857101
2016/5/10,48.0714
2016/5/11,48.142899
2016/5/12,48.0714
2016/5/13,45.5
2016/5/16,45.714298
2016/5/17,47.285702
2016/5/18,47.285702
2016/5/19,46.785702
2016/5/20,46.357101
2016/5/23,48
2016/5/24,49
2016/5/25,49.4286
2016/5/26,49.5714
2016/5/27,47.9286
2016/5/30,48
2016/5/31,48.642899
2016/6/1,49.5714
2016/6/2,49.214298
2016/6/3,49.5
2016/6/4,null
2016/6/6,50.142899
2016/6/7,50.142899
2016/6/8,49.857101
2016/6/13,48.285702
2016/6/14,48.857101
2016/6/15,48.857101
2016/6/16,47.9286
2016/6/17,47.9286
2016/6/20,48.357101
2016/6/21,48.857101
2016/6/22,49.0714
2016/6/23,49.142899
2016/6/24,48.214298
2016/6/27,48.5714
2016/6/28,50.214298
2016/6/29,50.642899
2016/6/30,51.0714
2016/7/1,50.857101
2016/7/4,52.857101
2016/7/5,52.714298
2016/7/6,51.785702
2016/7/7,52.857101
2016/7/8,null
2016/7/11,53.0714
2016/7/12,52.142899
2016/7/13,52.142899
2016/7/14,52.285702
2016/7/15,52.214298
2016/7/18,52.5714
2016/7/19,53
2016/7/20,52.5714
2016/7/21,53.4286
2016/7/22,53.4286
2016/7/25,53.857101
2016/7/26,53.357101
2016/7/27,53.285702
2016/7/28,53.642899
2016/7/29,54
2016/8/1,54.214298
2016/8/2,54.4286
2016/8/3,53.857101
2016/8/4,53.857101
2016/8/5,54.142899
2016/8/8,54.357101
2016/8/9,53.642899
2016/8/10,55.4286
2016/8/11,55.714298
2016/8/12,56.5
2016/8/15,58.5714
2016/8/16,59.214298
2016/8/17,58.5
2016/8/18,58.357101
2016/8/19,58.642899
2016/8/22,57.5714
2016/8/23,58.642899
2016/8/24,58.214298
2016/8/25,59.142899
2016/8/26,58.642899
2016/8/29,58.5714
2016/8/30,58.857101
2016/8/31,58.5
2016/9/1,58.714298
2016/9/2,57.0714
2016/9/5,57.714298
2016/9/6,58.714298
2016/9/7,58.857101
2016/9/8,56.5
2016/9/9,56
2016/9/10,null
2016/9/12,54.785702
2016/9/13,53.285702
2016/9/14,53.642899
2016/9/19,54.5
2016/9/20,54.214298
2016/9/21,54.642899
2016/9/22,54.5
2016/9/23,54.4286
2016/9/26,53.9286
2016/9/27,53.9286
2016/9/28,53.9286
2016/9/29,53.5
2016/9/30,52.642899
2016/10/3,52.0714
2016/10/4,53.5714
2016/10/5,54.714298
2016/10/6,54.357101
2016/10/7,53.4286
2016/10/11,52.142899
2016/10/12,52.714298
2016/10/13,51.714298
2016/10/14,51.214298
2016/10/17,50.9286
2016/10/18,51.285702
2016/10/19,52.0714
2016/10/20,51.5714
2016/10/21,51.4286
2016/10/24,51.5714
2016/10/25,51.857101
2016/10/26,51.5714
2016/10/27,51.785702
2016/10/28,51.5
2016/10/31,51.0714
2016/11/1,51.285702
2016/11/2,50.214298
2016/11/3,49.214298
2016/11/4,48.714298
2016/11/7,48.5714
2016/11/8,48.5
2016/11/9,46.4286
2016/11/10,47.5714
2016/11/11,46.642899
2016/11/14,45.9286
2016/11/15,46
2016/11/16,46.714298
2016/11/17,45.285702
2016/11/18,45
2016/11/21,44.857101
2016/11/22,46.0714
2016/11/23,45.5714
2016/11/24,45.857101
2016/11/25,45.714298
2016/11/28,46.285702
2016/11/29,46.285702
2016/11/30,47.0714
2016/12/1,46.785702
2016/12/2,46.5
2016/12/5,46.214298
2016/12/6,46.214298
2016/12/7,46.214298
2016/12/8,48.785702
2016/12/9,48.9286
2016/12/12,48
2016/12/13,48
2016/12/14,48
2016/12/15,47.857101
2016/12/16,48.642899
2016/12/19,48.0714
2016/12/20,48
2016/12/21,48.214298
2016/12/22,47.785702
2016/12/23,47.642899
2016/12/26,47.642899
2016/12/27,47.714298
2016/12/28,48.142899
2016/12/29,48.214298
2016/12/30,49.5
2017/1/3,49.9286
2017/1/4,49.4286
2017/1/5,49.0714
2017/1/6,50
2017/1/9,50.285702
2017/1/10,49.5714
2017/1/11,49.357101
2017/1/12,49.5
2017/1/13,49.357101
2017/1/16,48.4286
2017/1/17,48.642899
2017/1/18,48.5
2017/1/19,48.714298
2017/1/20,48.4286
2017/1/23,48.5
2017/1/24,49
2017/2/2,49.785702
2017/2/3,49.9286
2017/2/6,50.285702
2017/2/7,51.857101
2017/2/8,51.285702
2017/2/9,51.5714
2017/2/10,50.714298
2017/2/13,51.4286
2017/2/14,51.285702
2017/2/15,51.857101
2017/2/16,51.857101
2017/2/17,52.357101
2017/2/18,null
2017/2/20,53
2017/2/21,53.5714
2017/2/22,53.5714
2017/2/23,52.714298
2017/2/24,53.9286
2017/3/1,54.714298
2017/3/2,54.642899
2017/3/3,54.5714
2017/3/6,55.142899
2017/3/7,55.5714
2017/3/8,55.214298
2017/3/9,54.357101
2017/3/10,54.357101
2017/3/13,53.9286
2017/3/14,54.285702
2017/3/15,55
2017/3/16,54.9286
2017/3/17,54.9286
2017/3/20,55
2017/3/21,55.285702
2017/3/22,56.142899
2017/3/23,56.214298
2017/3/24,55.285702
2017/3/27,54.142899
2017/3/28,53.9286
2017/3/29,54.5714
2017/3/30,55.857101
2017/3/31,55.285702
2017/4/5,55.9286
2017/4/6,55.5714
2017/4/7,55.714298
2017/4/10,57.785702
2017/4/11,57.142899
2017/4/12,58.142899
2017/4/13,57.5714
2017/4/14,55.285702
2017/4/17,55.5714
2017/4/18,55.5
2017/4/19,54.642899
2017/4/20,54.642899
2017/4/21,55.5
2017/4/24,54.857101
2017/4/25,55.357101
2017/4/26,58.5
2017/4/27,58.714298
2017/4/28,61.0714
2017/5/2,60.9286
2017/5/3,60.142899
2017/5/4,61.285702
2017/5/5,60.642899
2017/5/8,60.857101
2017/5/9,59.142899
2017/5/10,60.9286
2017/5/11,60.5714
2017/5/12,59.785702
2017/5/15,61.285702
2017/5/16,61.857101
2017/5/17,61.857101
2017/5/18,61.357101
2017/5/19,61.285702
2017/5/22,61.285702
2017/5/23,61.857101
2017/5/24,61.9286
2017/5/25,61.5714
2017/5/26,61.142899
2017/5/31,62.142899
2017/6/1,61.357101
2017/6/2,62.4286
2017/6/3,null
2017/6/5,64.428596
2017/6/6,64.285698
2017/6/7,61.857101
2017/6/8,62.357101
2017/6/9,62.4286
2017/6/12,60.5
2017/6/13,60.357101
2017/6/14,59.357101
2017/6/15,60.214298
2017/6/16,60.0714
2017/6/19,61.142899
2017/6/20,60.4286
2017/6/21,60.4286
2017/6/22,60.142899
2017/6/23,59.357101
2017/6/26,60.0714
2017/6/27,61.142899
2017/6/28,61
2017/6/29,61.5714
2017/6/30,60.4286
2017/7/3,61.642899
2017/7/4,61.642899
2017/7/5,61.285702
2017/7/6,61.4286
2017/7/7,61
2017/7/10,61.0714
2017/7/11,62.4286
2017/7/12,62.642899
2017/7/13,62.785702
2017/7/14,63.9286
2017/7/17,63.9286
2017/7/18,64.714302
2017/7/19,65.214302
2017/7/20,63.785702
2017/7/21,65.714302
2017/7/24,66.285698
2017/7/25,67
2017/7/26,67.142899
2017/7/27,65.928596
2017/7/28,64.285698
2017/7/31,65.357101
2017/8/1,66.571404
2017/8/2,66.142899
2017/8/3,63.4286
2017/8/4,64.071404
2017/8/7,63
2017/8/8,61.9286
2017/8/9,61.642899
2017/8/10,58.4286
2017/8/11,59.785702
2017/8/14,58.285702
2017/8/15,59.4286
2017/8/16,59.4286
2017/8/17,60.714298
2017/8/18,59.9286
2017/8/21,59.642899
2017/8/22,61.214298
2017/8/23,60.785702
2017/8/24,60.0714
2017/8/25,60.714298
2017/8/28,60.9286
2017/8/29,60.285702
2017/8/30,60.9286
2017/8/31,61.642899
2017/9/1,61.4286
2017/9/4,61.9286
2017/9/5,63.857101
2017/9/6,62.214298
2017/9/7,62.4286
2017/9/8,61.857101
2017/9/11,60.714298
2017/9/12,61.5
2017/9/13,61.857101
2017/9/14,61.9286
2017/9/15,63.357101
2017/9/18,63.285702
2017/9/19,62.4286
2017/9/20,62.142899
2017/9/21,62.5
2017/9/22,61.214298
2017/9/25,61.142899
2017/9/26,58.857101
2017/9/27,59.9286
2017/9/28,59.857101
2017/9/29,59.857101
2017/10/2,61.142899
2017/10/3,62.142899
2017/10/5,63
2017/10/6,62.142899
2017/10/11,61.857101
2017/10/12,62.4286
2017/10/13,62.857101
2017/10/16,64.428596
2017/10/17,62.714298
2017/10/18,62.4286
2017/10/19,63.5
2017/10/20,62.857101
2017/10/23,63.714298
2017/10/24,64.928596
2017/10/25,65.928596
2017/10/26,65.214302
2017/10/27,64
2017/10/30,64.5
2017/10/31,66.071404
2017/11/1,66.071404
2017/11/2,72.428596
2017/11/3,71.571404
2017/11/6,72.428596
2017/11/7,71.142899
2017/11/8,73.857101
2017/11/9,70.142899
2017/11/10,70.357101
2017/11/13,70.571404
2017/11/14,72.857101
2017/11/15,71.857101
2017/11/16,74.571404
2017/11/17,75.428596
2017/11/20,73.285698
2017/11/21,74.142899
2017/11/22,74.857101
2017/11/23,74.285698
2017/11/24,74.142899
2017/11/27,73.714302
2017/11/28,72.714302
2017/11/29,73.571404
2017/11/30,73.142899
2017/12/1,70.857101
2017/12/4,69.714302
2017/12/5,69
2017/12/6,68.928596
2017/12/7,69.071404
2017/12/8,68.142899
2017/12/11,69.785698
2017/12/12,69.928596
2017/12/13,70.714302
2017/12/14,69.642899
2017/12/15,69
2017/12/18,71.071404
2017/12/19,70.142899
2017/12/20,70
2017/12/21,69.714302
2017/12/22,69.142899
2017/12/25,67.785698
2017/12/26,65.5
2017/12/27,65.785698
2017/12/28,66.428596
2017/12/29,65.857101
2018/1/2,64.642899
2018/1/3,65.714302
2018/1/4,65.142899
2018/1/5,65.571404
2018/1/8,63.9286
2018/1/9,65.071404
2018/1/10,64.357101
2018/1/11,62.714298
2018/1/12,63.5714
2018/1/15,64.714302
2018/1/16,65.214302
2018/1/17,65
2018/1/18,65
2018/1/19,64.571404
2018/1/22,66.714302
2018/1/23,65.928596
2018/1/24,65.5
2018/1/25,65.428596
2018/1/26,65.928596
2018/1/29,66.5
2018/1/30,67
2018/1/31,66
2018/2/1,66.071404
2018/2/2,68.571404
2018/2/5,65.857101
2018/2/6,61
2018/2/7,61.4286
2018/2/8,63.5714
2018/2/9,62.714298
2018/2/12,61.9286
2018/2/21,63.857101
2018/2/22,63
2018/2/23,65.428596
2018/2/26,64.928596
2018/2/27,64.714302
2018/3/1,63.785702
2018/3/2,62.714298
2018/3/5,61.714298
2018/3/6,62.9286
2018/3/7,63.142899
2018/3/8,63.9286
2018/3/9,64.285698
2018/3/12,64.5
2018/3/13,64.928596
2018/3/14,65.357101
2018/3/15,65.142899
2018/3/16,64.285698
2018/3/19,64.857101
2018/3/20,64
2018/3/21,65.571404
2018/3/22,64.428596
2018/3/23,62.785702
2018/3/26,63.285702
2018/3/27,64.785698
2018/3/28,64.285698
2018/3/29,63.214298
2018/3/30,63.5714
2018/4/2,64
2018/4/3,63
2018/4/9,63
2018/4/10,62.857101
2018/4/11,62.857101
2018/4/12,62.357101
2018/4/13,62.357101
2018/4/16,63.142899
2018/4/17,61.5
2018/4/18,65
2018/4/19,65.142899
2018/4/20,65
2018/4/23,64.142899
2018/4/24,62.142899
2018/4/25,61.142899
2018/4/26,61.357101
2018/4/27,61.642899
2018/4/30,61.714298
2018/5/2,62.142899
2018/5/3,62.4286
2018/5/4,65.285698
2018/5/7,64.285698
2018/5/8,63.5714
2018/5/9,65.142899
2018/5/10,64.857101
2018/5/11,65
2018/5/14,66.357101
2018/5/15,66.142899
2018/5/16,65.357101
2018/5/17,65
2018/5/18,65.285698
2018/5/21,64.857101
2018/5/22,65.714302
2018/5/23,65.714302
2018/5/24,66.571404
2018/5/25,67.642899
2018/5/28,66.928596
2018/5/29,66.642899
2018/5/30,65.428596
2018/5/31,69.285698
2018/6/1,68.214302
2018/6/4,70.428596
2018/6/5,69
2018/6/6,69.5
2018/6/7,68.857101
2018/6/8,69.285698
2018/6/11,69.5
2018/6/12,69.785698
2018/6/13,68.928596
2018/6/14,67.857101
2018/6/15,68.714302
2018/6/19,67.642899
2018/6/20,67
2018/6/21,68.214302
2018/6/22,69.428596
2018/6/25,75.714302
2018/6/26,74.428596
2018/6/27,73
2018/6/28,75.428596
2018/6/29,74.428596
2018/7/2,72.714302
2018/7/3,71.857101
2018/7/4,75
2018/7/5,70
2018/7/6,71.285698
2018/7/9,70.642899
2018/7/10,72.285698
2018/7/11,71.071404
2018/7/12,73
2018/7/13,74
2018/7/16,73.428596
2018/7/17,73.857101
2018/7/18,72.714302
2018/7/19,70.857101
2018/7/20,71.571404
2018/7/23,68.928596
2018/7/24,68.857101
2018/7/25,68.571404
2018/7/26,67.142899
2018/7/27,68.571404
2018/7/30,68.071404
2018/7/31,69.071404
2018/8/1,68.285698
2018/8/2,67.642899
2018/8/3,68.714302
2018/8/6,68.857101
2018/8/7,68.285698
2018/8/8,70.428596
2018/8/9,71.857101
2018/8/10,70.857101
2018/8/13,71.571404
2018/8/14,71.857101
2018/8/15,71.571404
2018/8/16,70.928596
2018/8/17,73
2018/8/20,74.857101
2018/8/21,74.857101
2018/8/22,74.571404
2018/8/23,74.857101
2018/8/24,74.285698
2018/8/27,75.857101
2018/8/28,76.428596
2018/8/29,76.142899
2018/8/30,77.714302
2018/8/31,77.571404
2018/9/3,73.142899
2018/9/4,75.142899
2018/9/5,75.428596
2018/9/6,76.142899
2018/9/7,74.142899
2018/9/10,71.285698
2018/9/11,73
2018/9/12,73.714302
2018/9/13,73
2018/9/14,73.857101
2018/9/17,74.285698
2018/9/18,73.571404
2018/9/19,72.571404
2018/9/20,73
2018/9/21,73
2018/9/25,72.285698
2018/9/26,71.357101
2018/9/27,71.571404
2018/9/28,72.714302
2018/10/1,72.428596
2018/10/2,70.928596
2018/10/3,67.357101
2018/10/4,67.785698
2018/10/5,64.571404
2018/10/8,63.9286
2018/10/9,61.785702
2018/10/11,61.785702
2018/10/12,61.785702
2018/10/15,61.785702
2018/10/16,61.785702
2018/10/17,61.785702
2018/10/18,61.785702
2018/10/19,61.785702
2018/10/22,52.299999
2018/10/23,51.700001
2018/10/24,54.5
2018/10/25,52.200001
2018/10/26,52.599998
2018/10/29,51.900002
2018/10/30,52.299999
2018/10/31,57.5
2018/11/1,63.200001
2018/11/2,62.900002
2018/11/5,63.599998
2018/11/6,63.599998
2018/11/7,65.900002
2018/11/8,64.5
2018/11/9,64.599998
2018/11/12,63.900002
2018/11/13,66
2018/11/14,65.800003
2018/11/15,65.300003
2018/11/16,66.099998
2018/11/19,66.300003
2018/11/20,65.599998
2018/11/21,64.800003
2018/11/22,63.599998
2018/11/23,63.200001
2018/11/26,69.5
2018/11/27,69.099998
2018/11/28,69.5
2018/11/29,70.300003
2018/11/30,70.599998
2018/12/3,73
2018/12/4,75.900002
2018/12/5,75.599998
2018/12/6,74.5
2018/12/7,73.800003
2018/12/10,75
2018/12/11,76.400002
2018/12/12,76
2018/12/13,76.599998
2018/12/14,77
2018/12/17,76.599998
2018/12/18,77
2018/12/19,78.800003
2018/12/20,79.699997
2018/12/21,77.5
2018/12/24,74.900002
2018/12/25,73.699997
2018/12/26,71.599998
2018/12/27,73.800003
2018/12/28,75.199997
2019/1/2,75.800003
2019/1/3,76.800003
2019/1/4,76
2019/1/7,74.800003
2019/1/8,73.199997
2019/1/9,75
2019/1/10,77.199997
2019/1/11,75.900002
2019/1/14,74.800003
2019/1/15,77.199997
2019/1/16,78.300003
2019/1/17,77
2019/1/18,81.5
2019/1/21,83
2019/1/22,82.099998
2019/1/23,81.199997
2019/1/24,82
2019/1/25,85
2019/1/28,85
2019/1/29,85.300003
2019/1/30,85.300003
2019/2/11,93.699997
2019/2/12,90.5
2019/2/13,88.099998
2019/2/14,90.599998
2019/2/15,90.5
2019/2/18,90.699997
2019/2/19,90.400002
2019/2/20,89.599998
2019/2/21,86.800003
2019/2/22,87.199997
2019/2/25,87.900002
2019/2/26,86.199997
2019/2/27,89.400002
2019/3/4,89.699997
2019/3/5,89
2019/3/6,89.5
2019/3/7,85.599998
2019/3/8,84.800003
2019/3/11,87
2019/3/12,86.300003
2019/3/13,88
2019/3/14,87.400002
2019/3/15,87.099998
2019/3/18,86.599998
2019/3/19,90.199997
2019/3/20,90.599998
2019/3/21,90.199997
2019/3/22,89
2019/3/25,88.099998
2019/3/26,89
2019/3/27,89.099998
2019/3/28,89
2019/3/29,88.5
2019/4/1,92.400002
2019/4/2,94.699997
2019/4/3,95
2019/4/8,91.599998
2019/4/9,92.300003
2019/4/10,96
2019/4/11,94.5
2019/4/12,92.599998
2019/4/15,92.099998
2019/4/16,92
2019/4/17,90
2019/4/18,88.800003
2019/4/19,89
2019/4/22,87.199997
2019/4/23,87
2019/4/24,88.099998
2019/4/25,85.099998
2019/4/26,85.099998
2019/4/29,83.199997
2019/4/30,83.599998
2019/5/2,84.300003
2019/5/3,84.199997
2019/5/6,83
2019/5/7,86.099998
2019/5/8,80
2019/5/9,72.5
2019/5/10,73.099998
2019/5/13,72.699997
2019/5/14,71.5
2019/5/15,71.5
2019/5/16,71.5
2019/5/17,68.199997
2019/5/20,70.599998
2019/5/21,70.300003
2019/5/22,70.300003
2019/5/23,69.300003
2019/5/24,70.300003
2019/5/27,70.5
2019/5/28,69
2019/5/29,69.199997
2019/5/30,71.5
2019/5/31,72.699997
2019/6/3,73.900002
2019/6/4,72.5
2019/6/5,73.300003
2019/6/6,71.900002
2019/6/10,74.800003
2019/6/11,73.800003
2019/6/12,75
2019/6/13,73.5
2019/6/14,72.599998
2019/6/17,71.800003
2019/6/18,70.900002
2019/6/19,71.699997
2019/6/20,74.400002
2019/6/21,70.599998
2019/6/24,73.099998
2019/6/25,73
2019/6/26,73.300003
2019/6/27,73.199997
2019/6/28,72.800003
2019/7/1,75.300003
2019/7/2,77.099998
2019/7/3,76.800003
2019/7/4,77.099998
2019/7/5,77.800003
2019/7/8,76.599998
2019/7/9,76.300003
2019/7/10,77
2019/7/11,77.300003
2019/7/12,77.5
2019/7/15,78.599998
2019/7/16,78.099998
2019/7/17,78.699997
2019/7/18,77.099998
2019/7/19,77.800003
2019/7/22,78.800003
2019/7/23,79.900002
2019/7/24,79.900002
2019/7/25,81.099998
2019/7/26,81
2019/7/29,81
2019/7/30,77.699997
2019/7/31,80.099998
2019/8/1,81.699997
2019/8/2,79.5
2019/8/5,78.400002
2019/8/6,78.099998
2019/8/7,78.5
2019/8/8,79.5
2019/8/12,75
2019/8/13,74.5
2019/8/14,77.099998
2019/8/15,76.300003
2019/8/16,78.099998
2019/8/19,79.900002
2019/8/20,79.099998
2019/8/21,81.900002
2019/8/22,87.699997
2019/8/23,88.400002
2019/8/26,84
2019/8/27,86
2019/8/28,84.5
2019/8/29,83.699997
2019/8/30,85.199997
2019/9/2,86.199997
2019/9/3,85.099998
2019/9/4,86.599998
2019/9/5,84.900002
2019/9/6,84.900002
2019/9/10,81.5
2019/9/11,81.599998
2019/9/12,81.800003
2019/9/16,80.5
2019/9/17,80.099998
2019/9/18,81
2019/9/19,82.099998
2019/9/20,82
2019/9/23,84.300003
2019/9/24,85.5
2019/9/25,85.800003
2019/9/26,85.099998
2019/9/27,85.699997
2019/10/1,87.599998
2019/10/2,87.400002
2019/10/3,85.400002
2019/10/4,90.099998
2019/10/7,89.599998
2019/10/8,90.599998
